date,country,areaCode,newCasesByPublishDate,cumCasesByPublishDate,newDeathsByDeathDate,cumDeathsByDeathDate
2021-03-25,England,E92000001,5286,3778510,52,140904
2021-03-24,England,E92000001,4615,3773224,77,140852
2021-03-23,England,E92000001,4583,3768609,123,140775
2021-03-22,England,E92000001,4746,3764026,150,140652
2021-03-21,England,E92000001,4459,3759280,143,140502
2021-03-20,England,E92000001,4732,3754821,143,140359
2021-03-19,England,E92000001,3809,3750089,168,140216
2021-03-18,England,E92000001,5213,3746280,192,140048
2021-03-17,England,E92000001,4827,3741067,209,139856
2021-03-16,England,E92000001,4391,3736240,246,139647
2021-03-15,England,E92000001,4264,3731849,279,139401
2021-03-14,England,E92000001,3774,3727585,226,139122
2021-03-13,England,E92000001,4539,3723811,261,138896
2021-03-12,England,E92000001,5529,3719272,257,138635
2021-03-11,England,E92000001,5744,3713743,322,138378
2021-03-10,England,E92000001,4863,3707999,299,138056
2021-03-09,England,E92000001,4894,3703136,310,137757
2021-03-08,England,E92000001,3903,3698242,344,137447
2021-03-07,England,E92000001,4497,3694339,327,137103
2021-03-06,England,E92000001,5118,3689842,312,136776
2021-03-05,England,E92000001,5053,3684724,337,136464
2021-03-04,England,E92000001,5643,3679671,357,136127
2021-03-03,England,E92000001,5408,3674028,330,135770
2021-03-02,England,E92000001,5530,3668620,366,135440
2021-03-01,England,E92000001,4738,3663090,420,135074
2021-02-28,England,E92000001,5080,3658352,396,134654
2021-02-27,England,E92000001,6527,3653272,400,134258
2021-02-26,England,E92000001,7393,3646745,406,133858
2021-02-25,England,E92000001,8623,3639352,471,133452
2021-02-24,England,E92000001,8644,3630729,466,132981
2021-02-23,England,E92000001,7292,3622085,501,132515
2021-02-22,England,E92000001,9420,3614793,485,132014
2021-02-21,England,E92000001,8408,3605373,501,131529
2021-02-20,England,E92000001,8964,3596965,536,131028
2021-02-19,England,E92000001,10296,3588001,562,130492
2021-02-18,England,E92000001,10740,3577705,609,129930
2021-02-17,England,E92000001,10926,3566965,604,129321
2021-02-16,England,E92000001,9236,3556039,675,128717
2021-02-15,England,E92000001,8609,3546803,714,128042
2021-02-14,England,E92000001,9499,3538194,670,127328
2021-02-13,England,E92000001,11697,3528695,653,126658
2021-02-12,England,E92000001,13299,3516998,673,126005
2021-02-11,England,E92000001,12001,3503699,734,125332
2021-02-10,England,E92000001,11551,3491698,765,124598
2021-02-09,England,E92000001,10916,3480147,773,123833
2021-02-08,England,E92000001,12270,3469231,833,123060
2021-02-07,England,E92000001,14466,3456961,804,122227
2021-02-06,England,E92000001,16302,3442495,790,121423
2021-02-05,England,E92000001,17314,3426193,887,120633
2021-02-04,England,E92000001,18529,3408879,857,119746
2021-02-03,England,E92000001,17265,3390350,988,118889
2021-02-02,England,E92000001,15021,3373085,953,117901
2021-02-01,England,E92000001,16815,3358064,995,116948
2021-01-31,England,E92000001,19054,3341249,989,115953
2021-01-30,England,E92000001,21089,3322195,1006,114964
2021-01-29,England,E92000001,26709,3301106,1118,113958
2021-01-28,England,E92000001,26182,3274397,1211,112840
2021-01-27,England,E92000001,22914,3248215,1204,111629
2021-01-26,England,E92000001,17920,3225301,1144,110425
2021-01-25,England,E92000001,20149,3207381,1252,109281
2021-01-24,England,E92000001,27580,3187232,1191,108029
2021-01-23,England,E92000001,30496,3159652,1236,106838
2021-01-22,England,E92000001,37115,3129156,1284,105602
2021-01-21,England,E92000001,34371,3092041,1290,104318
2021-01-20,England,E92000001,35061,3057670,1351,103028
2021-01-19,England,E92000001,30371,3022609,1444,101677
2021-01-18,England,E92000001,34134,2992238,1338,100233
2021-01-17,England,E92000001,35263,2958104,1320,98895
2021-01-16,England,E92000001,37759,2922841,1322,97575
2021-01-15,England,E92000001,50741,2885082,1245,96253
2021-01-14,England,E92000001,44358,2834341,1219,95008
2021-01-13,England,E92000001,42898,2789983,1244,93789
2021-01-12,England,E92000001,41121,2747085,1238,92545
2021-01-11,England,E92000001,41835,2705964,1151,91307
2021-01-10,England,E92000001,50291,2664129,1127,90156
2021-01-09,England,E92000001,54257,2613838,1062,89029
2021-01-08,England,E92000001,61757,2559581,1031,87967
2021-01-07,England,E92000001,46841,2497824,1029,86936
2021-01-06,England,E92000001,56060,2450983,972,85907
2021-01-05,England,E92000001,54940,2394923,944,84935
2021-01-04,England,E92000001,53180,2339983,899,83991
2021-01-03,England,E92000001,46853,2286803,767,83092
2021-01-02,England,E92000001,49248,2239950,787,82325
2021-01-01,England,E92000001,50746,2190702,764,81538
2020-12-31,England,E92000001,49510,2139956,774,80774
2020-12-30,England,E92000001,43554,2090446,746,80000
2020-12-29,England,E92000001,47164,2046892,701,79254
2020-12-28,England,E92000001,36511,1999728,707,78553
2020-12-27,England,E92000001,25619,1963217,694,77846
2020-12-26,England,E92000001,31307,1937598,689,77152
2020-12-25,England,E92000001,31560,1906291,642,76463
2020-12-24,England,E92000001,35561,1874731,598,75821
2020-12-23,England,E92000001,34247,1839170,614,75223
2020-12-22,England,E92000001,32288,1804923,619,74609
2020-12-21,England,E92000001,28742,1772635,642,73990
2020-12-20,England,E92000001,32155,1743893,537,73348
2020-12-19,England,E92000001,22775,1711738,522,72811
2020-12-18,England,E92000001,24452,1688963,553,72289
2020-12-17,England,E92000001,22401,1664511,558,71736
2020-12-16,England,E92000001,23432,1642110,456,71178
2020-12-15,England,E92000001,16504,1618678,483,70722
2020-12-14,England,E92000001,17882,1602174,515,70239
2020-12-13,England,E92000001,17164,1584292,464,69724
2020-12-12,England,E92000001,17468,1567128,483,69260
2020-12-11,England,E92000001,17899,1549660,501,68777
2020-12-10,England,E92000001,17622,1531761,479,68276
2020-12-09,England,E92000001,12960,1514139,460,67797
2020-12-08,England,E92000001,10459,1501179,471,67337
2020-12-07,England,E92000001,11623,1490720,458,66866
2020-12-06,England,E92000001,14294,1479097,437,66408
2020-12-05,England,E92000001,12666,1464803,430,65971
2020-12-04,England,E92000001,13412,1452137,491,65541
2020-12-03,England,E92000001,11992,1438725,499,65050
2020-12-02,England,E92000001,13323,1426733,426,64551
2020-12-01,England,E92000001,11618,1413410,437,64125
2020-11-30,England,E92000001,10869,1401792,460,63688
2020-11-29,England,E92000001,10054,1390923,471,63228
2020-11-28,England,E92000001,13323,1380869,462,62757
2020-11-27,England,E92000001,13557,1367546,437,62295
2020-11-26,England,E92000001,14637,1355272,448,61858
2020-11-25,England,E92000001,15893,1340635,509,61410
2020-11-24,England,E92000001,9854,1324742,470,60901
2020-11-23,England,E92000001,13329,1314888,471,60431
2020-11-22,England,E92000001,16668,1301559,479,59960
2020-11-21,England,E92000001,17615,1284891,466,59481
2020-11-20,England,E92000001,17845,1267276,464,59015
2020-11-19,England,E92000001,20291,1249431,449,58551
2020-11-18,England,E92000001,17189,1229140,506,58102
2020-11-17,England,E92000001,17549,1211951,437,57596
2020-11-16,England,E92000001,19423,1194402,405,57159
2020-11-15,England,E92000001,21998,1174979,432,56754
2020-11-14,England,E92000001,24298,1152981,424,56322
2020-11-13,England,E92000001,24540,1128683,403,55898
2020-11-12,England,E92000001,30843,1104143,408,55495
2020-11-11,England,E92000001,19970,1073300,370,55087
2020-11-10,England,E92000001,18622,1053330,366,54717
2020-11-09,England,E92000001,19036,1034708,474,54351
2020-11-08,England,E92000001,18293,1015672,393,53877
2020-11-07,England,E92000001,21875,997379,393,53484
2020-11-06,England,E92000001,20268,975504,375,53091
2020-11-05,England,E92000001,21137,955236,368,52716
2020-11-04,England,E92000001,21863,934099,319,52348
2020-11-03,England,E92000001,17330,912236,341,52029
2020-11-02,England,E92000001,15860,894906,322,51688
2020-11-01,England,E92000001,20602,879046,323,51366
2020-10-31,England,E92000001,18864,858444,324,51043
2020-10-30,England,E92000001,20821,839580,330,50719
2020-10-29,England,E92000001,19740,818759,292,50389
2020-10-28,England,E92000001,21245,799019,273,50097
2020-10-27,England,E92000001,19629,777774,262,49824
2020-10-26,England,E92000001,17883,758145,259,49562
2020-10-25,England,E92000001,16487,740262,241,49303
2020-10-24,England,E92000001,19332,723775,224,49062
2020-10-23,England,E92000001,17116,704443,242,48838
2020-10-22,England,E92000001,17354,687327,235,48596
2020-10-21,England,E92000001,22948,669973,247,48361
2020-10-20,England,E92000001,17814,647025,225,48114
2020-10-19,England,E92000001,16365,629211,197,47889
2020-10-18,England,E92000001,14704,612846,150,47692
2020-10-17,England,E92000001,13299,598142,201,47542
2020-10-16,England,E92000001,12176,584843,163,47341
2020-10-15,England,E92000001,16139,572667,160,47178
2020-10-14,England,E92000001,16132,556528,139,47018
2020-10-13,England,E92000001,14310,540396,134,46879
2020-10-12,England,E92000001,11647,526086,131,46745
2020-10-11,England,E92000001,10383,514439,143,46614
2020-10-10,England,E92000001,12628,504056,122,46471
2020-10-09,England,E92000001,10772,491428,110,46349
2020-10-08,England,E92000001,14952,480656,112,46239
2020-10-07,England,E92000001,11528,465704,118,46127
2020-10-06,England,E92000001,12648,454176,105,46009
2020-10-05,England,E92000001,10685,441528,104,45904
2020-10-04,England,E92000001,21309,430843,87,45800
2020-10-03,England,E92000001,10806,409534,104,45713
2020-10-02,England,E92000001,4797,398728,105,45609
2020-10-01,England,E92000001,5589,393931,107,45504
2020-09-30,England,E92000001,5656,388342,95,45397
2020-09-29,England,E92000001,5651,382686,74,45302
2020-09-28,England,E92000001,3316,377035,97,45228
2020-09-27,England,E92000001,4800,373719,94,45131
2020-09-26,England,E92000001,4639,368919,70,45037
2020-09-25,England,E92000001,5723,364280,70,44967
2020-09-24,England,E92000001,5632,358557,73,44897
2020-09-23,England,E92000001,5083,352925,92,44824
2020-09-22,England,E92000001,4187,347842,79,44732
2020-09-21,England,E92000001,3754,343655,68,44653
2020-09-20,England,E92000001,3279,339901,71,44585
2020-09-19,England,E92000001,3638,336622,59,44514
2020-09-18,England,E92000001,3771,332984,66,44455
2020-09-17,England,E92000001,2788,329213,63,44389
2020-09-16,England,E92000001,3396,326425,62,44326
2020-09-15,England,E92000001,2649,323029,70,44264
2020-09-14,England,E92000001,2259,320380,59,44194
2020-09-13,England,E92000001,2837,318121,55,44135
2020-09-12,England,E92000001,3008,315284,57,44080
2020-09-11,England,E92000001,3143,312276,40,44023
2020-09-10,England,E92000001,2578,309133,41,43983
2020-09-09,England,E92000001,2286,306555,51,43942
2020-09-08,England,E92000001,2094,304269,57,43891
2020-09-07,England,E92000001,2528,302175,51,43834
2020-09-06,England,E92000001,2576,299647,52,43783
2020-09-05,England,E92000001,1477,297071,70,43731
2020-09-04,England,E92000001,1669,295594,58,43661
2020-09-03,England,E92000001,1507,293925,51,43603
2020-09-02,England,E92000001,1239,292418,44,43552
2020-09-01,England,E92000001,1041,291179,55,43508
2020-08-31,England,E92000001,1149,290138,62,43453
2020-08-30,England,E92000001,1487,288989,35,43391
2020-08-29,England,E92000001,891,287502,43,43356
2020-08-28,England,E92000001,1106,286611,48,43313
2020-08-27,England,E92000001,1350,285505,45,43265
2020-08-26,England,E92000001,875,284155,56,43220
2020-08-25,England,E92000001,1065,283280,58,43164
2020-08-24,England,E92000001,758,282215,42,43106
2020-08-23,England,E92000001,938,281457,52,43064
2020-08-22,England,E92000001,1060,280519,43,43012
2020-08-21,England,E92000001,908,279459,39,42969
2020-08-20,England,E92000001,1035,278551,56,42930
2020-08-19,England,E92000001,707,277516,52,42874
2020-08-18,England,E92000001,975,276809,46,42822
2020-08-17,England,E92000001,634,275834,53,42776
2020-08-16,England,E92000001,952,275200,47,42723
2020-08-15,England,E92000001,934,274248,75,42676
2020-08-14,England,E92000001,1284,273314,52,42601
2020-08-13,England,E92000001,1059,272030,65,42549
2020-08-12,England,E92000001,925,270971,70,42484
2020-08-11,England,E92000001,1035,270046,74,42414
2020-08-10,England,E92000001,699,269011,62,42340
2020-08-09,England,E92000001,988,268312,60,42278
2020-08-08,England,E92000001,679,267324,60,42218
2020-08-07,England,E92000001,796,266645,60,42158
2020-08-06,England,E92000001,826,265849,56,42098
2020-08-05,England,E92000001,804,265023,40,42042
2020-08-04,England,E92000001,617,264219,48,42002
2020-08-03,England,E92000001,856,263602,50,41954
2020-08-02,England,E92000001,676,262746,53,41904
2020-08-01,England,E92000001,722,262070,50,41851
2020-07-31,England,E92000001,814,261348,69,41801
2020-07-30,England,E92000001,812,260534,45,41732
2020-07-29,England,E92000001,700,259722,58,41687
2020-07-28,England,E92000001,547,259022,50,41629
2020-07-27,England,E92000001,616,258475,51,41579
2020-07-26,England,E92000001,721,257859,75,41528
2020-07-25,England,E92000001,710,257138,56,41453
2020-07-24,England,E92000001,688,256428,43,41397
2020-07-23,England,E92000001,702,255740,58,41354
2020-07-22,England,E92000001,519,255038,81,41296
2020-07-21,England,E92000001,399,254519,62,41215
2020-07-20,England,E92000001,535,254120,67,41153
2020-07-19,England,E92000001,672,253585,63,41086
2020-07-18,England,E92000001,796,252913,61,41023
2020-07-17,England,E92000001,635,252117,73,40962
2020-07-16,England,E92000001,597,251482,53,40889
2020-07-15,England,E92000001,506,250885,73,40836
2020-07-14,England,E92000001,372,250379,81,40763
2020-07-13,England,E92000001,497,250007,77,40682
2020-07-12,England,E92000001,615,249510,58,40605
2020-07-11,England,E92000001,806,248895,78,40547
2020-07-10,England,E92000001,480,248089,64,40469
2020-07-09,England,E92000001,617,247609,97,40405
2020-07-08,England,E92000001,606,246992,82,40308
2020-07-07,England,E92000001,572,246386,64,40226
2020-07-06,England,E92000001,331,245814,77,40162
2020-07-05,England,E92000001,492,245483,73,40085
2020-07-04,England,E92000001,579,244991,84,40012
2020-07-03,England,E92000001,502,244412,82,39928
2020-07-02,England,E92000001,523,243910,86,39846
2020-07-01,England,E92000001,177,160764,79,39760
2020-06-30,England,E92000001,196,160587,94,39681
2020-06-29,England,E92000001,99,160391,83,39587
2020-06-28,England,E92000001,142,160292,97,39504
2020-06-27,England,E92000001,192,160150,92,39407
2020-06-26,England,E92000001,175,159958,115,39315
2020-06-25,England,E92000001,261,159696,135,39200
2020-06-24,England,E92000001,107,159435,124,39065
2020-06-23,England,E92000001,210,159328,132,38941
2020-06-22,England,E92000001,178,159118,106,38809
2020-06-21,England,E92000001,215,158940,100,38703
2020-06-20,England,E92000001,324,158725,97,38603
2020-06-19,England,E92000001,323,158401,99,38506
2020-06-18,England,E92000001,281,158078,115,38407
2020-06-17,England,E92000001,252,157797,111,38292
2020-06-16,England,E92000001,252,157545,122,38181
2020-06-15,England,E92000001,219,157293,127,38059
2020-06-14,England,E92000001,292,157074,144,37932
2020-06-13,England,E92000001,372,156782,106,37788
2020-06-12,England,E92000001,392,156410,140,37682
2020-06-11,England,E92000001,304,156018,130,37542
2020-06-10,England,E92000001,63,155714,158,37412
2020-06-09,England,E92000001,651,155651,165,37254
2020-06-08,England,E92000001,92,155000,162,37089
2020-06-07,England,E92000001,228,154908,164,36927
2020-06-06,England,E92000001,422,154680,157,36763
2020-06-05,England,E92000001,451,154258,174,36606
2020-06-04,England,E92000001,431,153807,177,36432
2020-06-03,England,E92000001,462,153376,183,36255
2020-06-02,England,E92000001,444,152914,219,36072
2020-06-01,England,E92000001,294,152470,196,35853
2020-05-31,England,E92000001,320,152176,179,35657
2020-05-30,England,E92000001,715,151856,196,35478
2020-05-29,England,E92000001,560,151982,221,35282
2020-05-28,England,E92000001,519,151422,234,35061
2020-05-27,England,E92000001,609,150903,223,34827
2020-05-26,England,E92000001,492,150294,257,34604
2020-05-25,England,E92000001,494,149802,235,34347
2020-05-24,England,E92000001,584,149308,206,34112
2020-05-23,England,E92000001,979,148724,254,33906
2020-05-22,England,E92000001,1083,147745,247,33652
2020-05-21,England,E92000001,854,146662,257,33405
2020-05-20,England,E92000001,824,145808,291,33148
2020-05-19,England,E92000001,857,145376,272,32857
2020-05-18,England,E92000001,816,144519,315,32585
2020-05-17,England,E92000001,788,143703,278,32270
2020-05-16,England,E92000001,1136,142915,317,31992
2020-05-15,England,E92000001,1112,141779,317,31675
2020-05-14,England,E92000001,1189,140667,333,31358
2020-05-13,England,E92000001,1146,139478,312,31025
2020-05-12,England,E92000001,1067,138332,323,30713
2020-05-11,England,E92000001,891,137265,315,30390
2020-05-10,England,E92000001,1007,136374,352,30075
2020-05-09,England,E92000001,1349,135367,375,29723
2020-05-08,England,E92000001,1694,134018,378,29348
2020-05-07,England,E92000001,2133,132324,444,28970
2020-05-06,England,E92000001,1611,130191,436,28526
2020-05-05,England,E92000001,1842,128580,435,28090
2020-05-04,England,E92000001,1485,126738,450,27655
2020-05-03,England,E92000001,2019,125253,423,27205
2020-05-02,England,E92000001,2228,123234,458,26782
2020-05-01,England,E92000001,2501,121006,509,26324
2020-04-30,England,E92000001,2484,118343,510,25815
2020-04-29,England,E92000001,1403,115859,521,25305
2020-04-28,England,E92000001,1989,114456,531,24784
2020-04-27,England,E92000001,2264,112467,525,24253
2020-04-26,England,E92000001,2152,110203,578,23728
2020-04-25,England,E92000001,2826,108051,574,23150
2020-04-24,England,E92000001,3004,105225,627,22576
2020-04-23,England,E92000001,3084,102221,610,21949
2020-04-22,England,E92000001,3020,99137,653,21339
2020-04-21,England,E92000001,3087,96117,655,20686
2020-04-20,England,E92000001,2401,93030,696,20031
2020-04-19,England,E92000001,3607,90629,691,19335
2020-04-18,England,E92000001,3548,87022,717,18644
2020-04-17,England,E92000001,3985,83474,747,17927
2020-04-16,England,E92000001,3118,79489,756,17180
2020-04-15,England,E92000001,3188,76371,785,16424
2020-04-14,England,E92000001,3854,73183,774,15639
2020-04-13,England,E92000001,2999,69329,804,14865
2020-04-12,England,E92000001,3672,66330,859,14061
2020-04-11,England,E92000001,3841,62658,863,13202
2020-04-10,England,E92000001,4263,58817,851,12339
2020-04-09,England,E92000001,3798,54554,875,11488
2020-04-08,England,E92000001,4788,50756,974,10613
2020-04-07,England,E92000001,2978,45968,915,9639
2020-04-06,England,E92000001,3176,42990,805,8724
2020-04-05,England,E92000001,5107,39814,830,7919
2020-04-04,England,E92000001,2910,34707,838,7089
2020-04-03,England,E92000001,3576,31797,743,6251
2020-04-02,England,E92000001,3583,28221,732,5508
2020-04-01,England,E92000001,3630,24638,699,4776
2020-03-31,England,E92000001,2414,21008,602,4077
2020-03-30,England,E92000001,2107,18594,541,3475
2020-03-29,England,E92000001,2060,16487,466,2934
2020-03-28,England,E92000001,2139,14427,384,2468
2020-03-27,England,E92000001,2506,12288,374,2084
2020-03-26,England,E92000001,1809,9782,336,1710
2020-03-25,England,E92000001,1130,7973,278,1374
2020-03-24,England,E92000001,1258,6843,219,1096
2020-03-23,England,E92000001,793,5585,173,877
2020-03-22,England,E92000001,535,4792,154,704
2020-03-21,England,E92000001,873,4257,117,550
2020-03-20,England,E92000001,628,3384,102,433
2021-03-25,Northern Ireland,N92000002,183,116515,0,0
2021-03-24,Northern Ireland,N92000002,139,116332,0,0
2021-03-23,Northern Ireland,N92000002,174,116193,0,0
2021-03-22,Northern Ireland,N92000002,87,116019,0,0
2021-03-21,Northern Ireland,N92000002,125,115932,0,0
2021-03-20,Northern Ireland,N92000002,159,115807,0,0
2021-03-19,Northern Ireland,N92000002,137,115648,0,0
2021-03-18,Northern Ireland,N92000002,169,115511,0,0
2021-03-17,Northern Ireland,N92000002,161,115342,0,0
2021-03-16,Northern Ireland,N92000002,164,115181,0,0
2021-03-15,Northern Ireland,N92000002,121,115017,0,0
2021-03-14,Northern Ireland,N92000002,143,114896,0,0
2021-03-13,Northern Ireland,N92000002,146,114753,0,0
2021-03-12,Northern Ireland,N92000002,208,114607,0,0
2021-03-11,Northern Ireland,N92000002,223,114399,0,0
2021-03-10,Northern Ireland,N92000002,147,114176,0,0
2021-03-09,Northern Ireland,N92000002,240,114029,0,0
2021-03-08,Northern Ireland,N92000002,144,113789,0,0
2021-03-07,Northern Ireland,N92000002,138,113645,0,0
2021-03-06,Northern Ireland,N92000002,172,113507,0,0
2021-03-05,Northern Ireland,N92000002,166,113335,0,0
2021-03-04,Northern Ireland,N92000002,163,113169,0,0
2021-03-03,Northern Ireland,N92000002,226,113006,0,0
2021-03-02,Northern Ireland,N92000002,149,112780,0,0
2021-03-01,Northern Ireland,N92000002,138,112631,0,0
2021-02-28,Northern Ireland,N92000002,136,112493,0,0
2021-02-27,Northern Ireland,N92000002,184,112357,0,0
2021-02-26,Northern Ireland,N92000002,241,112173,0,0
2021-02-25,Northern Ireland,N92000002,281,111932,0,0
2021-02-24,Northern Ireland,N92000002,260,111651,0,0
2021-02-23,Northern Ireland,N92000002,225,111391,0,0
2021-02-22,Northern Ireland,N92000002,187,111166,0,0
2021-02-21,Northern Ireland,N92000002,263,110979,0,0
2021-02-20,Northern Ireland,N92000002,276,110716,0,0
2021-02-19,Northern Ireland,N92000002,313,110440,0,0
2021-02-18,Northern Ireland,N92000002,342,110127,0,0
2021-02-17,Northern Ireland,N92000002,297,109785,0,0
2021-02-16,Northern Ireland,N92000002,341,109488,0,0
2021-02-15,Northern Ireland,N92000002,234,109147,0,0
2021-02-14,Northern Ireland,N92000002,176,108913,0,0
2021-02-13,Northern Ireland,N92000002,303,108737,0,0
2021-02-12,Northern Ireland,N92000002,407,108434,0,0
2021-02-11,Northern Ireland,N92000002,253,108027,0,0
2021-02-10,Northern Ireland,N92000002,336,107774,0,0
2021-02-09,Northern Ireland,N92000002,275,107438,0,0
2021-02-08,Northern Ireland,N92000002,296,107163,0,0
2021-02-07,Northern Ireland,N92000002,334,106867,0,0
2021-02-06,Northern Ireland,N92000002,390,106533,0,0
2021-02-05,Northern Ireland,N92000002,506,106143,0,0
2021-02-04,Northern Ireland,N92000002,412,105637,0,0
2021-02-03,Northern Ireland,N92000002,504,105225,0,0
2021-02-02,Northern Ireland,N92000002,447,104721,0,0
2021-02-01,Northern Ireland,N92000002,314,104274,0,0
2021-01-31,Northern Ireland,N92000002,426,103960,0,0
2021-01-30,Northern Ireland,N92000002,455,103534,0,0
2021-01-29,Northern Ireland,N92000002,669,103079,0,0
2021-01-28,Northern Ireland,N92000002,592,102410,0,0
2021-01-27,Northern Ireland,N92000002,527,101818,0,0
2021-01-26,Northern Ireland,N92000002,550,101291,0,0
2021-01-25,Northern Ireland,N92000002,422,100741,0,0
2021-01-24,Northern Ireland,N92000002,433,100319,0,0
2021-01-23,Northern Ireland,N92000002,670,99886,0,0
2021-01-22,Northern Ireland,N92000002,865,99216,0,0
2021-01-21,Northern Ireland,N92000002,732,98351,0,0
2021-01-20,Northern Ireland,N92000002,905,97619,0,0
2021-01-19,Northern Ireland,N92000002,713,96714,0,0
2021-01-18,Northern Ireland,N92000002,640,96001,0,0
2021-01-17,Northern Ireland,N92000002,822,95361,0,0
2021-01-16,Northern Ireland,N92000002,705,94539,0,0
2021-01-15,Northern Ireland,N92000002,1052,93834,0,0
2021-01-14,Northern Ireland,N92000002,973,92782,0,0
2021-01-13,Northern Ireland,N92000002,1145,91809,0,0
2021-01-12,Northern Ireland,N92000002,1205,90664,0,0
2021-01-11,Northern Ireland,N92000002,759,89459,0,0
2021-01-10,Northern Ireland,N92000002,1112,88700,0,0
2021-01-09,Northern Ireland,N92000002,1442,87588,0,0
2021-01-08,Northern Ireland,N92000002,1500,86146,0,0
2021-01-07,Northern Ireland,N92000002,1410,84646,0,0
2021-01-06,Northern Ireland,N92000002,1985,83236,0,0
2021-01-05,Northern Ireland,N92000002,1378,81251,0,0
2021-01-04,Northern Ireland,N92000002,1801,79873,0,0
2021-01-03,Northern Ireland,N92000002,1662,78072,0,0
2021-01-02,Northern Ireland,N92000002,3576,76410,0,0
2021-01-01,Northern Ireland,N92000002,0,72834,0,0
2020-12-31,Northern Ireland,N92000002,1929,72834,0,0
2020-12-30,Northern Ireland,N92000002,2143,70905,0,0
2020-12-29,Northern Ireland,N92000002,1566,68762,0,0
2020-12-28,Northern Ireland,N92000002,1634,67196,0,0
2020-12-27,Northern Ireland,N92000002,0,65562,0,0
2020-12-26,Northern Ireland,N92000002,998,65562,0,0
2020-12-25,Northern Ireland,N92000002,0,64564,0,0
2020-12-24,Northern Ireland,N92000002,841,64564,0,0
2020-12-23,Northern Ireland,N92000002,787,63723,0,0
2020-12-22,Northern Ireland,N92000002,439,62936,0,0
2020-12-21,Northern Ireland,N92000002,555,62497,0,0
2020-12-20,Northern Ireland,N92000002,505,61942,0,0
2020-12-19,Northern Ireland,N92000002,640,61437,0,0
2020-12-18,Northern Ireland,N92000002,510,60797,0,0
2020-12-17,Northern Ireland,N92000002,656,60287,0,0
2020-12-16,Northern Ireland,N92000002,510,59631,0,0
2020-12-15,Northern Ireland,N92000002,486,59121,0,0
2020-12-14,Northern Ireland,N92000002,419,58635,0,0
2020-12-13,Northern Ireland,N92000002,483,58216,0,0
2020-12-12,Northern Ireland,N92000002,476,57733,0,0
2020-12-11,Northern Ireland,N92000002,538,57257,0,0
2020-12-10,Northern Ireland,N92000002,441,56719,0,0
2020-12-09,Northern Ireland,N92000002,483,56278,0,0
2020-12-08,Northern Ireland,N92000002,351,55795,0,0
2020-12-07,Northern Ireland,N92000002,397,55444,0,0
2020-12-06,Northern Ireland,N92000002,419,55047,0,0
2020-12-05,Northern Ireland,N92000002,451,54628,0,0
2020-12-04,Northern Ireland,N92000002,449,54177,0,0
2020-12-03,Northern Ireland,N92000002,456,53728,0,0
2020-12-02,Northern Ireland,N92000002,416,53272,0,0
2020-12-01,Northern Ireland,N92000002,391,52856,0,0
2020-11-30,Northern Ireland,N92000002,290,52465,0,0
2020-11-29,Northern Ireland,N92000002,351,52175,0,0
2020-11-28,Northern Ireland,N92000002,315,51824,0,0
2020-11-27,Northern Ireland,N92000002,391,51509,0,0
2020-11-26,Northern Ireland,N92000002,442,51118,0,0
2020-11-25,Northern Ireland,N92000002,533,50676,0,0
2020-11-24,Northern Ireland,N92000002,79,50143,0,0
2020-11-23,Northern Ireland,N92000002,280,50064,0,0
2020-11-22,Northern Ireland,N92000002,342,49784,0,0
2020-11-21,Northern Ireland,N92000002,357,49442,0,0
2020-11-20,Northern Ireland,N92000002,369,49085,0,0
2020-11-19,Northern Ireland,N92000002,487,48716,0,0
2020-11-18,Northern Ireland,N92000002,518,48229,0,0
2020-11-17,Northern Ireland,N92000002,549,47711,0,0
2020-11-16,Northern Ireland,N92000002,331,47162,0,0
2020-11-15,Northern Ireland,N92000002,472,46831,0,0
2020-11-14,Northern Ireland,N92000002,511,46359,0,0
2020-11-13,Northern Ireland,N92000002,607,45848,0,0
2020-11-12,Northern Ireland,N92000002,548,45241,0,0
2020-11-11,Northern Ireland,N92000002,791,44693,0,0
2020-11-10,Northern Ireland,N92000002,514,43902,0,0
2020-11-09,Northern Ireland,N92000002,471,43388,0,0
2020-11-08,Northern Ireland,N92000002,420,42917,0,0
2020-11-07,Northern Ireland,N92000002,528,42497,0,0
2020-11-06,Northern Ireland,N92000002,595,41969,0,0
2020-11-05,Northern Ireland,N92000002,516,41374,0,0
2020-11-04,Northern Ireland,N92000002,679,40858,0,0
2020-11-03,Northern Ireland,N92000002,570,40179,0,0
2020-11-02,Northern Ireland,N92000002,493,39609,0,0
2020-11-01,Northern Ireland,N92000002,685,39116,0,0
2020-10-31,Northern Ireland,N92000002,649,38431,0,0
2020-10-30,Northern Ireland,N92000002,566,37782,0,0
2020-10-29,Northern Ireland,N92000002,822,37216,0,0
2020-10-28,Northern Ireland,N92000002,840,36394,0,0
2020-10-27,Northern Ireland,N92000002,722,35554,0,0
2020-10-26,Northern Ireland,N92000002,727,34832,0,0
2020-10-25,Northern Ireland,N92000002,896,34105,0,0
2020-10-24,Northern Ireland,N92000002,923,33209,0,0
2020-10-23,Northern Ireland,N92000002,1252,32286,0,0
2020-10-22,Northern Ireland,N92000002,1042,31034,0,0
2020-10-21,Northern Ireland,N92000002,1039,29992,0,0
2020-10-20,Northern Ireland,N92000002,913,28953,0,0
2020-10-19,Northern Ireland,N92000002,820,28040,0,0
2020-10-18,Northern Ireland,N92000002,1012,27220,0,0
2020-10-17,Northern Ireland,N92000002,1031,26208,0,0
2020-10-16,Northern Ireland,N92000002,1299,25177,0,0
2020-10-15,Northern Ireland,N92000002,763,23878,0,0
2020-10-14,Northern Ireland,N92000002,1217,23115,0,0
2020-10-13,Northern Ireland,N92000002,863,21898,0,0
2020-10-12,Northern Ireland,N92000002,877,21035,0,0
2020-10-11,Northern Ireland,N92000002,1066,20158,0,0
2020-10-10,Northern Ireland,N92000002,902,19092,0,0
2020-10-09,Northern Ireland,N92000002,1080,18190,0,0
2020-10-08,Northern Ireland,N92000002,923,17110,0,0
2020-10-07,Northern Ireland,N92000002,828,16187,0,0
2020-10-06,Northern Ireland,N92000002,669,15359,0,0
2020-10-05,Northern Ireland,N92000002,616,14690,0,0
2020-10-04,Northern Ireland,N92000002,462,14074,0,0
2020-10-03,Northern Ireland,N92000002,726,13612,0,0
2020-10-02,Northern Ireland,N92000002,934,12886,0,0
2020-10-01,Northern Ireland,N92000002,259,11952,0,0
2020-09-30,Northern Ireland,N92000002,424,11693,0,0
2020-09-29,Northern Ireland,N92000002,320,11269,0,0
2020-09-28,Northern Ireland,N92000002,220,10949,0,0
2020-09-27,Northern Ireland,N92000002,187,10729,0,0
2020-09-26,Northern Ireland,N92000002,319,10542,0,0
2020-09-25,Northern Ireland,N92000002,273,10223,0,0
2020-09-24,Northern Ireland,N92000002,189,9950,0,0
2020-09-23,Northern Ireland,N92000002,220,9761,0,0
2020-09-22,Northern Ireland,N92000002,75,9541,0,0
2020-09-21,Northern Ireland,N92000002,125,9466,0,0
2020-09-20,Northern Ireland,N92000002,176,9341,0,0
2020-09-19,Northern Ireland,N92000002,222,9165,0,0
2020-09-18,Northern Ireland,N92000002,163,8943,0,0
2020-09-17,Northern Ireland,N92000002,149,8780,0,0
2020-09-16,Northern Ireland,N92000002,129,8631,0,0
2020-09-15,Northern Ireland,N92000002,79,8502,0,0
2020-09-14,Northern Ireland,N92000002,109,8423,0,0
2020-09-13,Northern Ireland,N92000002,87,8314,0,0
2020-09-12,Northern Ireland,N92000002,104,8227,0,0
2020-09-11,Northern Ireland,N92000002,88,8123,0,0
2020-09-10,Northern Ireland,N92000002,78,8035,0,0
2020-09-09,Northern Ireland,N92000002,49,7957,0,0
2020-09-08,Northern Ireland,N92000002,40,7908,0,0
2020-09-07,Northern Ireland,N92000002,141,7868,0,0
2020-09-06,Northern Ireland,N92000002,106,7727,0,0
2020-09-05,Northern Ireland,N92000002,118,7621,0,0
2020-09-04,Northern Ireland,N92000002,61,7503,0,0
2020-09-03,Northern Ireland,N92000002,77,7442,0,0
2020-09-02,Northern Ireland,N92000002,71,7365,0,0
2020-09-01,Northern Ireland,N92000002,49,7294,0,0
2020-08-31,Northern Ireland,N92000002,58,7245,0,0
2020-08-30,Northern Ireland,N92000002,49,7187,0,0
2020-08-29,Northern Ireland,N92000002,89,7138,0,0
2020-08-28,Northern Ireland,N92000002,85,7049,0,0
2020-08-27,Northern Ireland,N92000002,69,6964,0,0
2020-08-26,Northern Ireland,N92000002,72,6895,0,0
2020-08-25,Northern Ireland,N92000002,47,6823,0,0
2020-08-24,Northern Ireland,N92000002,10,6776,0,0
2020-08-23,Northern Ireland,N92000002,119,6766,0,0
2020-08-22,Northern Ireland,N92000002,71,6647,0,0
2020-08-21,Northern Ireland,N92000002,20,6576,0,0
2020-08-20,Northern Ireland,N92000002,51,6556,0,0
2020-08-19,Northern Ireland,N92000002,34,6505,0,0
2020-08-18,Northern Ireland,N92000002,41,6471,0,0
2020-08-17,Northern Ireland,N92000002,39,6430,0,0
2020-08-16,Northern Ireland,N92000002,27,6391,0,0
2020-08-15,Northern Ireland,N92000002,65,6364,0,0
2020-08-14,Northern Ireland,N92000002,74,6299,0,0
2020-08-13,Northern Ireland,N92000002,8,6225,0,0
2020-08-12,Northern Ireland,N92000002,29,6217,0,0
2020-08-11,Northern Ireland,N92000002,48,6188,0,0
2020-08-10,Northern Ireland,N92000002,0,6140,0,0
2020-08-09,Northern Ireland,N92000002,0,6064,0,0
2020-08-08,Northern Ireland,N92000002,0,6064,0,0
2020-08-07,Northern Ireland,N92000002,15,6064,0,0
2020-08-06,Northern Ireland,N92000002,43,6049,0,0
2020-08-05,Northern Ireland,N92000002,10,6006,0,0
2020-08-04,Northern Ireland,N92000002,8,5996,0,0
2020-08-03,Northern Ireland,N92000002,0,5988,0,0
2020-08-02,Northern Ireland,N92000002,0,5948,0,0
2020-08-01,Northern Ireland,N92000002,0,5948,0,0
2020-07-31,Northern Ireland,N92000002,10,5948,0,0
2020-07-30,Northern Ireland,N92000002,8,5938,0,0
2020-07-29,Northern Ireland,N92000002,9,5930,0,0
2020-07-28,Northern Ireland,N92000002,9,5921,0,0
2020-07-27,Northern Ireland,N92000002,0,5912,0,0
2020-07-26,Northern Ireland,N92000002,0,5891,0,0
2020-07-25,Northern Ireland,N92000002,0,5891,0,0
2020-07-24,Northern Ireland,N92000002,15,5891,0,0
2020-07-23,Northern Ireland,N92000002,8,5876,0,0
2020-07-22,Northern Ireland,N92000002,9,5868,0,0
2020-07-21,Northern Ireland,N92000002,2,5859,0,0
2020-07-20,Northern Ireland,N92000002,0,5857,0,0
2020-07-19,Northern Ireland,N92000002,0,5834,0,0
2020-07-18,Northern Ireland,N92000002,0,5834,0,0
2020-07-17,Northern Ireland,N92000002,19,5834,0,0
2020-07-16,Northern Ireland,N92000002,16,5815,0,0
2020-07-15,Northern Ireland,N92000002,9,5799,0,0
2020-07-14,Northern Ireland,N92000002,2,5790,0,0
2020-07-13,Northern Ireland,N92000002,0,5788,0,0
2020-07-12,Northern Ireland,N92000002,0,5772,0,0
2020-07-11,Northern Ireland,N92000002,0,5772,0,0
2020-07-10,Northern Ireland,N92000002,4,5772,0,0
2020-07-09,Northern Ireland,N92000002,3,5768,0,0
2020-07-08,Northern Ireland,N92000002,4,5765,0,0
2020-07-07,Northern Ireland,N92000002,5,5761,0,0
2020-07-06,Northern Ireland,N92000002,0,5756,0,0
2020-07-05,Northern Ireland,N92000002,0,5747,0,0
2020-07-04,Northern Ireland,N92000002,0,5747,0,0
2020-07-03,Northern Ireland,N92000002,4,5747,0,0
2020-07-02,Northern Ireland,N92000002,7,5768,0,0
2020-07-01,Northern Ireland,N92000002,1,5761,0,0
2020-06-30,Northern Ireland,N92000002,3,5760,0,0
2020-06-29,Northern Ireland,N92000002,6,5757,0,0
2020-06-28,Northern Ireland,N92000002,1,5751,0,0
2020-06-27,Northern Ireland,N92000002,2,5750,0,0
2020-06-26,Northern Ireland,N92000002,4,5748,0,0
2020-06-25,Northern Ireland,N92000002,1,4874,0,0
2020-06-24,Northern Ireland,N92000002,2,4873,0,0
2020-06-23,Northern Ireland,N92000002,0,4871,0,0
2020-06-22,Northern Ireland,N92000002,1,4871,0,0
2020-06-21,Northern Ireland,N92000002,4,4870,0,0
2020-06-20,Northern Ireland,N92000002,0,4866,0,0
2020-06-19,Northern Ireland,N92000002,3,4866,0,0
2020-06-18,Northern Ireland,N92000002,1,4863,0,0
2020-06-17,Northern Ireland,N92000002,8,4862,0,0
2020-06-16,Northern Ireland,N92000002,2,4854,0,0
2020-06-15,Northern Ireland,N92000002,4,4852,0,0
2020-06-14,Northern Ireland,N92000002,7,4848,0,0
2020-06-13,Northern Ireland,N92000002,3,4841,0,0
2020-06-12,Northern Ireland,N92000002,16,4838,0,0
2020-06-11,Northern Ireland,N92000002,4,4822,0,0
2020-06-10,Northern Ireland,N92000002,13,4818,0,0
2020-06-09,Northern Ireland,N92000002,3,4805,0,0
2020-06-08,Northern Ireland,N92000002,6,4802,0,0
2020-06-07,Northern Ireland,N92000002,6,4796,0,0
2020-06-06,Northern Ireland,N92000002,14,4790,0,0
2020-06-05,Northern Ireland,N92000002,3,4776,0,0
2020-06-04,Northern Ireland,N92000002,33,4773,0,0
2020-06-03,Northern Ireland,N92000002,8,4740,0,0
2020-06-02,Northern Ireland,N92000002,4,4732,0,0
2020-06-01,Northern Ireland,N92000002,12,4728,0,0
2020-05-31,Northern Ireland,N92000002,7,4716,0,0
2020-05-30,Northern Ireland,N92000002,13,4709,0,0
2020-05-29,Northern Ireland,N92000002,17,4696,0,0
2020-05-28,Northern Ireland,N92000002,16,4679,0,0
2020-05-27,Northern Ireland,N92000002,26,4663,0,0
2020-05-26,Northern Ireland,N92000002,28,4637,0,0
2020-05-25,Northern Ireland,N92000002,39,4609,0,0
2020-05-24,Northern Ireland,N92000002,25,4570,0,0
2020-05-23,Northern Ireland,N92000002,41,4545,0,0
2020-05-22,Northern Ireland,N92000002,23,4504,0,0
2020-05-21,Northern Ireland,N92000002,42,4481,0,0
2020-05-20,Northern Ireland,N92000002,18,4439,0,0
2020-05-19,Northern Ireland,N92000002,20,4421,0,0
2020-05-18,Northern Ireland,N92000002,16,4401,0,0
2020-05-17,Northern Ireland,N92000002,28,4385,0,0
2020-05-16,Northern Ireland,N92000002,40,4357,0,0
2020-05-15,Northern Ireland,N92000002,26,4317,0,0
2020-05-14,Northern Ireland,N92000002,38,4291,0,0
2020-05-13,Northern Ireland,N92000002,60,4253,0,0
2020-05-12,Northern Ireland,N92000002,44,4193,0,0
2020-05-11,Northern Ireland,N92000002,30,4149,0,0
2020-05-10,Northern Ireland,N92000002,41,4119,0,0
2020-05-09,Northern Ireland,N92000002,56,4078,0,0
2020-05-08,Northern Ireland,N92000002,38,4022,0,0
2020-05-07,Northern Ireland,N92000002,50,3984,0,0
2020-05-06,Northern Ireland,N92000002,53,3934,0,0
2020-05-05,Northern Ireland,N92000002,45,3881,0,0
2020-05-04,Northern Ireland,N92000002,69,3836,0,0
2020-05-03,Northern Ireland,N92000002,78,3767,0,0
2020-05-02,Northern Ireland,N92000002,66,3689,0,0
2020-05-01,Northern Ireland,N92000002,87,3623,0,0
2020-04-30,Northern Ireland,N92000002,73,3536,0,0
2020-04-29,Northern Ireland,N92000002,55,3463,0,0
2020-04-28,Northern Ireland,N92000002,34,3408,0,0
2020-04-27,Northern Ireland,N92000002,66,3374,0,0
2020-04-26,Northern Ireland,N92000002,82,3308,0,0
2020-04-25,Northern Ireland,N92000002,104,3226,0,0
2020-04-24,Northern Ireland,N92000002,106,3122,0,0
2020-04-23,Northern Ireland,N92000002,142,3016,0,0
2020-04-22,Northern Ireland,N92000002,116,2874,0,0
2020-04-21,Northern Ireland,N92000002,30,2758,0,0
2020-04-20,Northern Ireland,N92000002,83,2728,0,0
2020-04-19,Northern Ireland,N92000002,159,2645,0,0
2020-04-18,Northern Ireland,N92000002,148,2486,0,0
2020-04-17,Northern Ireland,N92000002,137,2338,0,0
2020-04-16,Northern Ireland,N92000002,113,2201,0,0
2020-04-15,Northern Ireland,N92000002,121,2088,0,0
2020-04-14,Northern Ireland,N92000002,85,1967,0,0
2020-04-13,Northern Ireland,N92000002,76,1882,0,0
2020-04-12,Northern Ireland,N92000002,89,1806,0,0
2020-04-11,Northern Ireland,N92000002,128,1717,0,0
2020-04-10,Northern Ireland,N92000002,112,1589,0,0
2020-04-09,Northern Ireland,N92000002,138,1477,0,0
2020-04-08,Northern Ireland,N92000002,84,1339,0,0
2020-04-07,Northern Ireland,N92000002,97,1255,0,0
2020-04-06,Northern Ireland,N92000002,69,1158,0,0
2020-04-05,Northern Ireland,N92000002,91,1089,0,0
2020-04-04,Northern Ireland,N92000002,94,998,0,0
2020-04-03,Northern Ireland,N92000002,130,904,0,0
2020-04-02,Northern Ireland,N92000002,85,774,0,0
2020-04-01,Northern Ireland,N92000002,103,689,0,0
2020-03-31,Northern Ireland,N92000002,53,586,0,0
2020-03-30,Northern Ireland,N92000002,123,533,0,0
2020-03-29,Northern Ireland,N92000002,86,410,0,0
2020-03-28,Northern Ireland,N92000002,49,324,0,0
2020-03-27,Northern Ireland,N92000002,34,275,0,0
2020-03-26,Northern Ireland,N92000002,32,241,0,0
2020-03-25,Northern Ireland,N92000002,37,209,0,0
2020-03-24,Northern Ireland,N92000002,24,172,0,0
2020-03-23,Northern Ireland,N92000002,20,148,0,0
2020-03-22,Northern Ireland,N92000002,20,128,0,0
2020-03-21,Northern Ireland,N92000002,22,108,0,0
2020-03-20,Northern Ireland,N92000002,9,86,0,0
2021-03-25,Scotland,S92000003,701,215599,7,7594
2021-03-24,Scotland,S92000003,692,215075,4,7587
2021-03-23,Scotland,S92000003,495,214383,3,7583
2021-03-22,Scotland,S92000003,359,213888,2,7580
2021-03-21,Scotland,S92000003,532,213529,4,7578
2021-03-20,Scotland,S92000003,488,212997,5,7574
2021-03-19,Scotland,S92000003,655,212509,6,7569
2021-03-18,Scotland,S92000003,624,211854,3,7563
2021-03-17,Scotland,S92000003,625,211230,8,7560
2021-03-16,Scotland,S92000003,597,210605,11,7552
2021-03-15,Scotland,S92000003,456,210008,1,7541
2021-03-14,Scotland,S92000003,484,209552,7,7540
2021-03-13,Scotland,S92000003,639,209068,4,7533
2021-03-12,Scotland,S92000003,682,208429,6,7529
2021-03-11,Scotland,S92000003,591,207747,7,7523
2021-03-10,Scotland,S92000003,691,207156,5,7516
2021-03-09,Scotland,S92000003,466,206465,10,7511
2021-03-08,Scotland,S92000003,501,205999,15,7501
2021-03-07,Scotland,S92000003,390,205498,10,7486
2021-03-06,Scotland,S92000003,555,205108,10,7476
2021-03-05,Scotland,S92000003,498,204553,8,7466
2021-03-04,Scotland,S92000003,500,204055,14,7458
2021-03-03,Scotland,S92000003,543,203555,11,7444
2021-03-02,Scotland,S92000003,542,203012,13,7433
2021-03-01,Scotland,S92000003,386,202470,20,7420
2021-02-28,Scotland,S92000003,572,202084,9,7400
2021-02-27,Scotland,S92000003,525,201512,18,7391
2021-02-26,Scotland,S92000003,581,200987,16,7373
2021-02-25,Scotland,S92000003,769,200406,20,7357
2021-02-24,Scotland,S92000003,798,199637,17,7337
2021-02-23,Scotland,S92000003,655,198839,16,7320
2021-02-22,Scotland,S92000003,715,198184,22,7304
2021-02-21,Scotland,S92000003,827,197469,20,7282
2021-02-20,Scotland,S92000003,803,196642,27,7262
2021-02-19,Scotland,S92000003,885,195839,44,7235
2021-02-18,Scotland,S92000003,685,194954,34,7191
2021-02-17,Scotland,S92000003,1121,194269,28,7157
2021-02-16,Scotland,S92000003,773,193148,25,7129
2021-02-15,Scotland,S92000003,559,192375,34,7104
2021-02-14,Scotland,S92000003,903,191816,33,7070
2021-02-13,Scotland,S92000003,908,190913,32,7037
2021-02-12,Scotland,S92000003,830,190005,41,7005
2021-02-11,Scotland,S92000003,830,189175,34,6964
2021-02-10,Scotland,S92000003,803,188345,37,6930
2021-02-09,Scotland,S92000003,822,187542,48,6893
2021-02-08,Scotland,S92000003,928,186720,41,6845
2021-02-07,Scotland,S92000003,584,185792,42,6804
2021-02-06,Scotland,S92000003,895,185208,51,6762
2021-02-05,Scotland,S92000003,895,184313,44,6711
2021-02-04,Scotland,S92000003,1149,183418,32,6667
2021-02-03,Scotland,S92000003,978,182269,48,6635
2021-02-02,Scotland,S92000003,758,181291,42,6587
2021-02-01,Scotland,S92000003,848,180533,43,6545
2021-01-31,Scotland,S92000003,1003,179685,47,6502
2021-01-30,Scotland,S92000003,994,178682,44,6455
2021-01-29,Scotland,S92000003,1155,177688,58,6411
2021-01-28,Scotland,S92000003,1201,176533,47,6353
2021-01-27,Scotland,S92000003,1330,175332,60,6306
2021-01-26,Scotland,S92000003,1049,174002,52,6246
2021-01-25,Scotland,S92000003,752,172953,52,6194
2021-01-24,Scotland,S92000003,1195,172201,70,6142
2021-01-23,Scotland,S92000003,1307,171006,53,6072
2021-01-22,Scotland,S92000003,1480,169699,67,6019
2021-01-21,Scotland,S92000003,1636,168219,57,5952
2021-01-20,Scotland,S92000003,1656,166583,66,5895
2021-01-19,Scotland,S92000003,1165,164927,70,5829
2021-01-18,Scotland,S92000003,1429,163762,63,5759
2021-01-17,Scotland,S92000003,1341,162333,43,5696
2021-01-16,Scotland,S92000003,1753,160992,76,5653
2021-01-15,Scotland,S92000003,2160,159239,58,5577
2021-01-14,Scotland,S92000003,1707,157079,57,5519
2021-01-13,Scotland,S92000003,1949,155372,51,5462
2021-01-12,Scotland,S92000003,1875,153423,51,5411
2021-01-11,Scotland,S92000003,1782,151548,48,5360
2021-01-10,Scotland,S92000003,1877,149766,59,5312
2021-01-09,Scotland,S92000003,1865,147889,38,5253
2021-01-08,Scotland,S92000003,2309,146024,42,5215
2021-01-07,Scotland,S92000003,2649,143715,44,5173
2021-01-06,Scotland,S92000003,2039,141066,48,5129
2021-01-05,Scotland,S92000003,2529,139027,40,5081
2021-01-04,Scotland,S92000003,1905,136498,37,5041
2021-01-03,Scotland,S92000003,2464,134593,42,5004
2021-01-02,Scotland,S92000003,2137,132129,42,4962
2021-01-01,Scotland,S92000003,2539,129992,35,4920
2020-12-31,Scotland,S92000003,2622,127453,44,4885
2020-12-30,Scotland,S92000003,2045,124831,32,4841
2020-12-29,Scotland,S92000003,1895,122786,26,4809
2020-12-28,Scotland,S92000003,967,120891,30,4783
2020-12-27,Scotland,S92000003,740,119924,34,4753
2020-12-26,Scotland,S92000003,1149,119184,34,4719
2020-12-25,Scotland,S92000003,1165,118035,35,4685
2020-12-24,Scotland,S92000003,1314,116870,36,4650
2020-12-23,Scotland,S92000003,1190,115556,34,4614
2020-12-22,Scotland,S92000003,1316,114366,28,4580
2020-12-21,Scotland,S92000003,1504,113050,25,4552
2020-12-20,Scotland,S92000003,934,111546,29,4527
2020-12-19,Scotland,S92000003,572,110612,28,4498
2020-12-18,Scotland,S92000003,744,110040,23,4470
2020-12-17,Scotland,S92000003,858,109296,36,4447
2020-12-16,Scotland,S92000003,689,108438,31,4411
2020-12-15,Scotland,S92000003,845,107749,32,4380
2020-12-14,Scotland,S92000003,734,106904,31,4348
2020-12-13,Scotland,S92000003,800,106170,26,4317
2020-12-12,Scotland,S92000003,1064,105370,23,4291
2020-12-11,Scotland,S92000003,1001,104306,20,4268
2020-12-10,Scotland,S92000003,933,103305,23,4248
2020-12-09,Scotland,S92000003,897,102372,23,4225
2020-12-08,Scotland,S92000003,692,101475,28,4202
2020-12-07,Scotland,S92000003,677,100783,29,4174
2020-12-06,Scotland,S92000003,643,100106,29,4145
2020-12-05,Scotland,S92000003,777,99463,19,4116
2020-12-04,Scotland,S92000003,966,98686,28,4097
2020-12-03,Scotland,S92000003,958,97720,36,4069
2020-12-02,Scotland,S92000003,951,96762,20,4033
2020-12-01,Scotland,S92000003,754,95811,27,4013
2020-11-30,Scotland,S92000003,369,95058,32,3986
2020-11-29,Scotland,S92000003,746,94689,28,3954
2020-11-28,Scotland,S92000003,788,93943,41,3926
2020-11-27,Scotland,S92000003,969,93155,24,3885
2020-11-26,Scotland,S92000003,1225,92186,23,3861
2020-11-25,Scotland,S92000003,880,90961,32,3838
2020-11-24,Scotland,S92000003,771,90081,30,3806
2020-11-23,Scotland,S92000003,949,89310,31,3776
2020-11-22,Scotland,S92000003,844,88361,36,3745
2020-11-21,Scotland,S92000003,887,87517,33,3709
2020-11-20,Scotland,S92000003,1018,86630,29,3676
2020-11-19,Scotland,S92000003,1089,85612,26,3647
2020-11-18,Scotland,S92000003,1264,84523,24,3621
2020-11-17,Scotland,S92000003,1248,83259,36,3597
2020-11-16,Scotland,S92000003,717,82011,33,3561
2020-11-15,Scotland,S92000003,1159,81294,34,3528
2020-11-14,Scotland,S92000003,1118,80135,40,3494
2020-11-13,Scotland,S92000003,1357,79017,37,3454
2020-11-12,Scotland,S92000003,1212,77660,32,3417
2020-11-11,Scotland,S92000003,1261,76448,36,3385
2020-11-10,Scotland,S92000003,832,75187,34,3349
2020-11-09,Scotland,S92000003,912,74355,40,3315
2020-11-08,Scotland,S92000003,1115,73443,35,3275
2020-11-07,Scotland,S92000003,1596,72328,37,3240
2020-11-06,Scotland,S92000003,1072,70732,26,3203
2020-11-05,Scotland,S92000003,1216,69660,40,3177
2020-11-04,Scotland,S92000003,1433,68444,19,3137
2020-11-03,Scotland,S92000003,999,67011,34,3118
2020-11-02,Scotland,S92000003,951,66012,28,3084
2020-11-01,Scotland,S92000003,1148,65061,34,3056
2020-10-31,Scotland,S92000003,1101,63913,25,3022
2020-10-30,Scotland,S92000003,1281,62812,35,2997
2020-10-29,Scotland,S92000003,1128,61531,27,2962
2020-10-28,Scotland,S92000003,1202,60403,28,2935
2020-10-27,Scotland,S92000003,1327,59201,16,2907
2020-10-26,Scotland,S92000003,1122,57874,30,2891
2020-10-25,Scotland,S92000003,1303,56752,22,2861
2020-10-24,Scotland,S92000003,1433,55449,20,2839
2020-10-23,Scotland,S92000003,1401,54016,17,2819
2020-10-22,Scotland,S92000003,1712,52615,17,2802
2020-10-21,Scotland,S92000003,1739,50903,11,2785
2020-10-20,Scotland,S92000003,1456,49164,17,2774
2020-10-19,Scotland,S92000003,993,47708,15,2757
2020-10-18,Scotland,S92000003,316,46715,21,2742
2020-10-17,Scotland,S92000003,1167,46399,10,2721
2020-10-16,Scotland,S92000003,1196,45232,19,2711
2020-10-15,Scotland,S92000003,1351,44036,16,2692
2020-10-14,Scotland,S92000003,1429,42685,6,2676
2020-10-13,Scotland,S92000003,1297,41256,11,2670
2020-10-12,Scotland,S92000003,961,39959,8,2659
2020-10-11,Scotland,S92000003,956,38998,10,2651
2020-10-10,Scotland,S92000003,1009,38042,10,2641
2020-10-09,Scotland,S92000003,1246,37033,6,2631
2020-10-08,Scotland,S92000003,1027,35787,11,2625
2020-10-07,Scotland,S92000003,1054,34760,9,2614
2020-10-06,Scotland,S92000003,800,33706,4,2605
2020-10-05,Scotland,S92000003,697,32906,2,2601
2020-10-04,Scotland,S92000003,758,32209,3,2599
2020-10-03,Scotland,S92000003,764,31451,3,2596
2020-10-02,Scotland,S92000003,775,30687,1,2593
2020-10-01,Scotland,S92000003,668,29912,5,2592
2020-09-30,Scotland,S92000003,640,29244,4,2587
2020-09-29,Scotland,S92000003,806,28604,1,2583
2020-09-28,Scotland,S92000003,222,27798,3,2582
2020-09-27,Scotland,S92000003,344,27576,2,2579
2020-09-26,Scotland,S92000003,714,27232,2,2577
2020-09-25,Scotland,S92000003,558,26518,1,2575
2020-09-24,Scotland,S92000003,465,25960,2,2574
2020-09-23,Scotland,S92000003,486,25495,1,2572
2020-09-22,Scotland,S92000003,383,25009,2,2571
2020-09-21,Scotland,S92000003,255,24626,2,2569
2020-09-20,Scotland,S92000003,245,24371,3,2567
2020-09-19,Scotland,S92000003,350,24126,0,2564
2020-09-18,Scotland,S92000003,203,23776,2,2564
2020-09-17,Scotland,S92000003,290,23573,1,2562
2020-09-16,Scotland,S92000003,267,23283,0,2561
2020-09-15,Scotland,S92000003,267,23016,0,2561
2020-09-14,Scotland,S92000003,70,22749,3,2561
2020-09-13,Scotland,S92000003,244,22679,1,2558
2020-09-12,Scotland,S92000003,221,22435,0,2557
2020-09-11,Scotland,S92000003,175,22214,0,2557
2020-09-10,Scotland,S92000003,161,22039,0,2557
2020-09-09,Scotland,S92000003,159,21878,0,2557
2020-09-08,Scotland,S92000003,176,21719,0,2557
2020-09-07,Scotland,S92000003,146,21543,0,2557
2020-09-06,Scotland,S92000003,208,21397,0,2557
2020-09-05,Scotland,S92000003,141,21189,0,2557
2020-09-04,Scotland,S92000003,159,21048,1,2557
2020-09-03,Scotland,S92000003,101,20889,1,2556
2020-09-02,Scotland,S92000003,156,20788,1,2555
2020-09-01,Scotland,S92000003,154,20632,0,2554
2020-08-31,Scotland,S92000003,160,20478,0,2554
2020-08-30,Scotland,S92000003,123,20318,0,2554
2020-08-29,Scotland,S92000003,88,20195,0,2554
2020-08-28,Scotland,S92000003,51,20107,1,2554
2020-08-27,Scotland,S92000003,68,20056,0,2553
2020-08-26,Scotland,S92000003,67,19988,0,2553
2020-08-25,Scotland,S92000003,44,19921,0,2553
2020-08-24,Scotland,S92000003,66,19877,0,2553
2020-08-23,Scotland,S92000003,83,19811,1,2553
2020-08-22,Scotland,S92000003,123,19728,1,2552
2020-08-21,Scotland,S92000003,71,19605,0,2551
2020-08-20,Scotland,S92000003,77,19534,0,2551
2020-08-19,Scotland,S92000003,50,19457,1,2551
2020-08-18,Scotland,S92000003,49,19407,0,2550
2020-08-17,Scotland,S92000003,26,19358,0,2550
2020-08-16,Scotland,S92000003,43,19332,0,2550
2020-08-15,Scotland,S92000003,51,19289,0,2550
2020-08-14,Scotland,S92000003,65,19238,0,2550
2020-08-13,Scotland,S92000003,47,19173,0,2550
2020-08-12,Scotland,S92000003,47,19126,0,2550
2020-08-11,Scotland,S92000003,52,19079,0,2550
2020-08-10,Scotland,S92000003,29,19027,0,2550
2020-08-09,Scotland,S92000003,48,18998,0,2550
2020-08-08,Scotland,S92000003,60,18950,0,2550
2020-08-07,Scotland,S92000003,43,18890,0,2550
2020-08-06,Scotland,S92000003,66,18847,0,2550
2020-08-05,Scotland,S92000003,64,18781,0,2550
2020-08-04,Scotland,S92000003,23,18717,0,2550
2020-08-03,Scotland,S92000003,18,18694,0,2550
2020-08-02,Scotland,S92000003,31,18676,0,2550
2020-08-01,Scotland,S92000003,18,18645,0,2550
2020-07-31,Scotland,S92000003,30,18627,0,2550
2020-07-30,Scotland,S92000003,17,18597,0,2550
2020-07-29,Scotland,S92000003,22,18580,0,2550
2020-07-28,Scotland,S92000003,4,18558,0,2550
2020-07-27,Scotland,S92000003,3,18554,0,2550
2020-07-26,Scotland,S92000003,4,18551,0,2550
2020-07-25,Scotland,S92000003,27,18547,1,2550
2020-07-24,Scotland,S92000003,20,18520,0,2549
2020-07-23,Scotland,S92000003,16,18500,0,2549
2020-07-22,Scotland,S92000003,10,18484,0,2549
2020-07-21,Scotland,S92000003,22,18474,0,2549
2020-07-20,Scotland,S92000003,7,18452,0,2549
2020-07-19,Scotland,S92000003,23,18445,0,2549
2020-07-18,Scotland,S92000003,21,18422,0,2549
2020-07-17,Scotland,S92000003,17,18401,0,2549
2020-07-16,Scotland,S92000003,11,18384,0,2549
2020-07-15,Scotland,S92000003,5,18373,0,2549
2020-07-14,Scotland,S92000003,3,18368,0,2549
2020-07-13,Scotland,S92000003,6,18365,0,2549
2020-07-12,Scotland,S92000003,19,18359,0,2549
2020-07-11,Scotland,S92000003,7,18340,0,2549
2020-07-10,Scotland,S92000003,18,18333,0,2549
2020-07-09,Scotland,S92000003,6,18315,0,2549
2020-07-08,Scotland,S92000003,7,18309,0,2549
2020-07-07,Scotland,S92000003,2,18302,0,2549
2020-07-06,Scotland,S92000003,4,18300,0,2549
2020-07-05,Scotland,S92000003,9,18296,1,2549
2020-07-04,Scotland,S92000003,11,18287,0,2548
2020-07-03,Scotland,S92000003,12,18276,1,2548
2020-07-02,Scotland,S92000003,5,18264,0,2547
2020-07-01,Scotland,S92000003,8,18259,0,2547
2020-06-30,Scotland,S92000003,10,18251,0,2547
2020-06-29,Scotland,S92000003,5,18241,1,2547
2020-06-28,Scotland,S92000003,8,18236,1,2546
2020-06-27,Scotland,S92000003,15,18228,4,2545
2020-06-26,Scotland,S92000003,17,18213,0,2541
2020-06-25,Scotland,S92000003,5,18196,0,2541
2020-06-24,Scotland,S92000003,9,18191,1,2541
2020-06-23,Scotland,S92000003,12,18182,1,2540
2020-06-22,Scotland,S92000003,14,18170,3,2539
2020-06-21,Scotland,S92000003,26,18156,2,2536
2020-06-20,Scotland,S92000003,26,18130,3,2534
2020-06-19,Scotland,S92000003,27,18104,0,2531
2020-06-18,Scotland,S92000003,11,18077,3,2531
2020-06-17,Scotland,S92000003,21,18066,3,2528
2020-06-16,Scotland,S92000003,15,18045,6,2525
2020-06-15,Scotland,S92000003,29,18030,3,2519
2020-06-14,Scotland,S92000003,25,15755,4,2516
2020-06-13,Scotland,S92000003,21,15730,3,2512
2020-06-12,Scotland,S92000003,27,15709,2,2509
2020-06-11,Scotland,S92000003,17,15682,2,2507
2020-06-10,Scotland,S92000003,12,15665,5,2505
2020-06-09,Scotland,S92000003,14,15653,1,2500
2020-06-08,Scotland,S92000003,18,15639,6,2499
2020-06-07,Scotland,S92000003,18,15621,7,2493
2020-06-06,Scotland,S92000003,21,15603,3,2486
2020-06-05,Scotland,S92000003,29,15582,9,2483
2020-06-04,Scotland,S92000003,49,15553,2,2474
2020-06-03,Scotland,S92000003,33,15504,8,2472
2020-06-02,Scotland,S92000003,53,15471,6,2464
2020-06-01,Scotland,S92000003,18,15418,3,2458
2020-05-31,Scotland,S92000003,18,15400,6,2455
2020-05-30,Scotland,S92000003,55,15382,6,2449
2020-05-29,Scotland,S92000003,39,15327,11,2443
2020-05-28,Scotland,S92000003,48,15288,16,2432
2020-05-27,Scotland,S92000003,55,15240,16,2416
2020-05-26,Scotland,S92000003,29,15185,14,2400
2020-05-25,Scotland,S92000003,55,15156,14,2386
2020-05-24,Scotland,S92000003,60,15101,8,2372
2020-05-23,Scotland,S92000003,72,15041,11,2364
2020-05-22,Scotland,S92000003,113,14969,17,2353
2020-05-21,Scotland,S92000003,105,14856,24,2336
2020-05-20,Scotland,S92000003,96,14751,22,2312
2020-05-19,Scotland,S92000003,61,14655,28,2290
2020-05-18,Scotland,S92000003,57,14594,23,2262
2020-05-17,Scotland,S92000003,90,14537,26,2239
2020-05-16,Scotland,S92000003,187,14447,29,2213
2020-05-15,Scotland,S92000003,143,14260,26,2184
2020-05-14,Scotland,S92000003,188,14117,35,2158
2020-05-13,Scotland,S92000003,166,13929,42,2123
2020-05-12,Scotland,S92000003,136,13763,31,2081
2020-05-11,Scotland,S92000003,141,13627,32,2050
2020-05-10,Scotland,S92000003,181,13486,28,2018
2020-05-09,Scotland,S92000003,156,13305,34,1990
2020-05-08,Scotland,S92000003,225,13149,34,1956
2020-05-07,Scotland,S92000003,215,12924,40,1922
2020-05-06,Scotland,S92000003,272,12709,43,1882
2020-05-05,Scotland,S92000003,171,12437,50,1839
2020-05-04,Scotland,S92000003,169,12266,40,1789
2020-05-03,Scotland,S92000003,170,12097,37,1749
2020-05-02,Scotland,S92000003,273,11927,44,1712
2020-05-01,Scotland,S92000003,301,11654,48,1668
2020-04-30,Scotland,S92000003,319,11353,43,1620
2020-04-29,Scotland,S92000003,313,11034,38,1577
2020-04-28,Scotland,S92000003,200,10721,40,1539
2020-04-27,Scotland,S92000003,197,10521,60,1499
2020-04-26,Scotland,S92000003,273,10324,43,1439
2020-04-25,Scotland,S92000003,354,10051,48,1396
2020-04-24,Scotland,S92000003,288,9697,38,1348
2020-04-23,Scotland,S92000003,371,9409,49,1310
2020-04-22,Scotland,S92000003,366,9038,46,1261
2020-04-21,Scotland,S92000003,222,8672,51,1215
2020-04-20,Scotland,S92000003,263,8450,61,1164
2020-04-19,Scotland,S92000003,367,8187,46,1103
2020-04-18,Scotland,S92000003,411,7820,52,1057
2020-04-17,Scotland,S92000003,307,7409,38,1005
2020-04-16,Scotland,S92000003,354,7102,43,967
2020-04-15,Scotland,S92000003,390,6748,42,924
2020-04-14,Scotland,S92000003,291,6358,51,882
2020-04-13,Scotland,S92000003,155,6067,41,831
2020-04-12,Scotland,S92000003,322,5912,47,790
2020-04-11,Scotland,S92000003,315,5590,51,743
2020-04-10,Scotland,S92000003,318,5275,58,692
2020-04-09,Scotland,S92000003,392,4957,66,634
2020-04-08,Scotland,S92000003,336,4565,54,568
2020-04-07,Scotland,S92000003,268,4229,49,514
2020-04-06,Scotland,S92000003,255,3961,63,465
2020-04-05,Scotland,S92000003,361,3706,47,402
2020-04-04,Scotland,S92000003,344,3345,28,355
2020-04-03,Scotland,S92000003,399,3001,58,327
2020-04-02,Scotland,S92000003,292,2602,36,269
2020-04-01,Scotland,S92000003,317,2310,46,233
2020-03-31,Scotland,S92000003,430,1993,38,187
2020-03-30,Scotland,S92000003,179,1563,30,149
2020-03-29,Scotland,S92000003,139,1384,20,119
2020-03-28,Scotland,S92000003,186,1245,29,99
2020-03-27,Scotland,S92000003,165,1059,11,70
2020-03-26,Scotland,S92000003,175,894,12,59
2020-03-25,Scotland,S92000003,135,719,11,47
2020-03-24,Scotland,S92000003,85,584,7,36
2020-03-23,Scotland,S92000003,83,499,4,29
2020-03-22,Scotland,S92000003,43,416,5,25
2020-03-21,Scotland,S92000003,51,373,6,20
2020-03-20,Scotland,S92000003,56,322,14,14
2021-03-25,Wales,W92000004,227,208504,0,0
2021-03-24,Wales,W92000004,159,208277,0,0
2021-03-23,Wales,W92000004,127,208119,0,0
2021-03-22,Wales,W92000004,150,207992,0,0
2021-03-21,Wales,W92000004,196,207842,0,0
2021-03-20,Wales,W92000004,208,207646,0,0
2021-03-19,Wales,W92000004,201,207438,0,0
2021-03-18,Wales,W92000004,297,207237,0,0
2021-03-17,Wales,W92000004,145,206940,0,0
2021-03-16,Wales,W92000004,142,206795,0,0
2021-03-15,Wales,W92000004,248,206653,0,0
2021-03-14,Wales,W92000004,217,206405,0,0
2021-03-13,Wales,W92000004,210,206188,0,0
2021-03-12,Wales,W92000004,190,205978,0,0
2021-03-11,Wales,W92000004,195,205788,0,0
2021-03-10,Wales,W92000004,225,205593,0,0
2021-03-09,Wales,W92000004,166,205368,0,0
2021-03-08,Wales,W92000004,164,205202,0,0
2021-03-07,Wales,W92000004,152,205038,0,0
2021-03-06,Wales,W92000004,195,204886,0,0
2021-03-05,Wales,W92000004,230,204692,0,0
2021-03-04,Wales,W92000004,267,204463,0,0
2021-03-03,Wales,W92000004,208,204196,0,0
2021-03-02,Wales,W92000004,170,203988,0,0
2021-03-01,Wales,W92000004,193,203818,0,0
2021-02-28,Wales,W92000004,247,203625,0,0
2021-02-27,Wales,W92000004,198,203378,0,0
2021-02-26,Wales,W92000004,308,203180,0,0
2021-02-25,Wales,W92000004,312,202872,0,0
2021-02-24,Wales,W92000004,236,202560,0,0
2021-02-23,Wales,W92000004,317,202324,0,0
2021-02-22,Wales,W92000004,319,202007,0,0
2021-02-21,Wales,W92000004,336,201688,0,0
2021-02-20,Wales,W92000004,363,201352,0,0
2021-02-19,Wales,W92000004,533,200989,0,0
2021-02-18,Wales,W92000004,290,200456,0,0
2021-02-17,Wales,W92000004,374,200166,0,0
2021-02-16,Wales,W92000004,275,199793,0,0
2021-02-15,Wales,W92000004,363,199518,0,0
2021-02-14,Wales,W92000004,394,199155,0,0
2021-02-13,Wales,W92000004,400,198761,0,0
2021-02-12,Wales,W92000004,608,198362,0,0
2021-02-11,Wales,W92000004,410,197754,0,0
2021-02-10,Wales,W92000004,323,197344,0,0
2021-02-09,Wales,W92000004,351,197021,0,0
2021-02-08,Wales,W92000004,610,196670,0,0
2021-02-07,Wales,W92000004,461,196060,0,0
2021-02-06,Wales,W92000004,675,195599,0,0
2021-02-05,Wales,W92000004,399,194924,0,0
2021-02-04,Wales,W92000004,544,194525,0,0
2021-02-03,Wales,W92000004,455,193981,0,0
2021-02-02,Wales,W92000004,614,193526,0,0
2021-02-01,Wales,W92000004,630,192912,0,0
2021-01-31,Wales,W92000004,605,192282,0,0
2021-01-30,Wales,W92000004,737,191677,0,0
2021-01-29,Wales,W92000004,546,190940,0,0
2021-01-28,Wales,W92000004,705,190394,0,0
2021-01-27,Wales,W92000004,537,189689,0,0
2021-01-26,Wales,W92000004,570,189152,0,0
2021-01-25,Wales,W92000004,872,188583,0,0
2021-01-24,Wales,W92000004,796,187711,0,0
2021-01-23,Wales,W92000004,1079,186915,0,0
2021-01-22,Wales,W92000004,801,185836,0,0
2021-01-21,Wales,W92000004,1153,185035,0,0
2021-01-20,Wales,W92000004,1283,183882,0,0
2021-01-19,Wales,W92000004,1106,182599,0,0
2021-01-18,Wales,W92000004,1332,181493,0,0
2021-01-17,Wales,W92000004,1172,180161,0,0
2021-01-16,Wales,W92000004,1129,178989,0,0
2021-01-15,Wales,W92000004,1808,177864,0,0
2021-01-14,Wales,W92000004,1644,176056,0,0
2021-01-13,Wales,W92000004,1533,174412,0,0
2021-01-12,Wales,W92000004,1332,172879,0,0
2021-01-11,Wales,W92000004,1793,171547,0,0
2021-01-10,Wales,W92000004,1660,169754,0,0
2021-01-09,Wales,W92000004,2373,168094,0,0
2021-01-08,Wales,W92000004,2487,165721,0,0
2021-01-07,Wales,W92000004,1718,163234,0,0
2021-01-06,Wales,W92000004,2238,161516,0,0
2021-01-05,Wales,W92000004,2069,159278,0,0
2021-01-04,Wales,W92000004,1898,157209,0,0
2021-01-03,Wales,W92000004,4011,155311,0,0
2021-01-02,Wales,W92000004,2764,151300,0,0
2021-01-01,Wales,W92000004,0,148537,0,0
2020-12-31,Wales,W92000004,1831,148537,0,0
2020-12-30,Wales,W92000004,2281,146706,0,0
2020-12-29,Wales,W92000004,2510,144425,0,0
2020-12-28,Wales,W92000004,2273,141915,0,0
2020-12-27,Wales,W92000004,4142,139642,0,0
2020-12-26,Wales,W92000004,2237,135500,0,0
2020-12-25,Wales,W92000004,0,133263,0,0
2020-12-24,Wales,W92000004,2161,133263,0,0
2020-12-23,Wales,W92000004,3013,131102,0,0
2020-12-22,Wales,W92000004,2761,128089,0,0
2020-12-21,Wales,W92000004,2563,125329,0,0
2020-12-20,Wales,W92000004,2334,122766,0,0
2020-12-19,Wales,W92000004,3065,120432,0,0
2020-12-18,Wales,W92000004,2801,117367,0,0
2020-12-17,Wales,W92000004,11468,114566,0,0
2020-12-16,Wales,W92000004,530,103098,0,0
2020-12-15,Wales,W92000004,615,102568,0,0
2020-12-14,Wales,W92000004,1228,101953,0,0
2020-12-13,Wales,W92000004,0,100725,0,0
2020-12-12,Wales,W92000004,2494,100725,0,0
2020-12-11,Wales,W92000004,2234,98232,0,0
2020-12-10,Wales,W92000004,1968,95998,0,0
2020-12-09,Wales,W92000004,2238,94030,0,0
2020-12-08,Wales,W92000004,780,91792,0,0
2020-12-07,Wales,W92000004,2021,91013,0,0
2020-12-06,Wales,W92000004,1916,88992,0,0
2020-12-05,Wales,W92000004,1645,87077,0,0
2020-12-04,Wales,W92000004,1471,85432,0,0
2020-12-03,Wales,W92000004,1473,83961,0,0
2020-12-02,Wales,W92000004,1480,82489,0,0
2020-12-01,Wales,W92000004,667,81009,0,0
2020-11-30,Wales,W92000004,802,80342,0,0
2020-11-29,Wales,W92000004,1004,79540,0,0
2020-11-28,Wales,W92000004,1445,78536,0,0
2020-11-27,Wales,W92000004,1105,77091,0,0
2020-11-26,Wales,W92000004,1251,75986,0,0
2020-11-25,Wales,W92000004,907,74735,0,0
2020-11-24,Wales,W92000004,595,73828,0,0
2020-11-23,Wales,W92000004,892,73233,0,0
2020-11-22,Wales,W92000004,808,72341,0,0
2020-11-21,Wales,W92000004,1016,71533,0,0
2020-11-20,Wales,W92000004,1020,70517,0,0
2020-11-19,Wales,W92000004,1048,69497,0,0
2020-11-18,Wales,W92000004,638,68449,0,0
2020-11-17,Wales,W92000004,705,67811,0,0
2020-11-16,Wales,W92000004,892,67106,0,0
2020-11-15,Wales,W92000004,1333,66214,0,0
2020-11-14,Wales,W92000004,933,64881,0,0
2020-11-13,Wales,W92000004,797,63948,0,0
2020-11-12,Wales,W92000004,867,63151,0,0
2020-11-11,Wales,W92000004,928,62284,0,0
2020-11-10,Wales,W92000004,444,61356,0,0
2020-11-09,Wales,W92000004,931,60912,0,0
2020-11-08,Wales,W92000004,744,59981,0,0
2020-11-07,Wales,W92000004,958,59237,0,0
2020-11-06,Wales,W92000004,1352,58279,0,0
2020-11-05,Wales,W92000004,1272,56927,0,0
2020-11-04,Wales,W92000004,1202,55658,0,0
2020-11-03,Wales,W92000004,1119,54456,0,0
2020-11-02,Wales,W92000004,1646,53337,0,0
2020-11-01,Wales,W92000004,819,51691,0,0
2020-10-31,Wales,W92000004,1301,50872,0,0
2020-10-30,Wales,W92000004,1737,49571,0,0
2020-10-29,Wales,W92000004,1375,47834,0,0
2020-10-28,Wales,W92000004,1414,46459,0,0
2020-10-27,Wales,W92000004,1207,45046,0,0
2020-10-26,Wales,W92000004,1158,43839,0,0
2020-10-25,Wales,W92000004,1104,42681,0,0
2020-10-24,Wales,W92000004,1324,41577,0,0
2020-10-23,Wales,W92000004,761,40253,0,0
2020-10-22,Wales,W92000004,1134,39491,0,0
2020-10-21,Wales,W92000004,962,38361,0,0
2020-10-20,Wales,W92000004,1148,37400,0,0
2020-10-19,Wales,W92000004,626,36253,0,0
2020-10-18,Wales,W92000004,950,35628,0,0
2020-10-17,Wales,W92000004,674,34679,0,0
2020-10-16,Wales,W92000004,979,34005,0,0
2020-10-15,Wales,W92000004,727,33041,0,0
2020-10-14,Wales,W92000004,946,32316,0,0
2020-10-13,Wales,W92000004,764,31370,0,0
2020-10-12,Wales,W92000004,487,30608,0,0
2020-10-11,Wales,W92000004,467,30121,0,0
2020-10-10,Wales,W92000004,627,29654,0,0
2020-10-09,Wales,W92000004,766,29028,0,0
2020-10-08,Wales,W92000004,638,28262,0,0
2020-10-07,Wales,W92000004,752,27624,0,0
2020-10-06,Wales,W92000004,425,26872,0,0
2020-10-05,Wales,W92000004,596,26447,0,0
2020-10-04,Wales,W92000004,432,25852,0,0
2020-10-03,Wales,W92000004,576,25420,0,0
2020-10-02,Wales,W92000004,462,24845,0,0
2020-10-01,Wales,W92000004,398,24383,0,0
2020-09-30,Wales,W92000004,388,23985,0,0
2020-09-29,Wales,W92000004,366,23597,0,0
2020-09-28,Wales,W92000004,286,23231,0,0
2020-09-27,Wales,W92000004,362,22945,0,0
2020-09-26,Wales,W92000004,370,22584,0,0
2020-09-25,Wales,W92000004,320,22215,0,0
2020-09-24,Wales,W92000004,348,21896,0,0
2020-09-23,Wales,W92000004,389,21548,0,0
2020-09-22,Wales,W92000004,281,21159,0,0
2020-09-21,Wales,W92000004,234,20878,0,0
2020-09-20,Wales,W92000004,199,20644,0,0
2020-09-19,Wales,W92000004,212,20445,0,0
2020-09-18,Wales,W92000004,185,20233,0,0
2020-09-17,Wales,W92000004,168,20048,0,0
2020-09-16,Wales,W92000004,199,19880,0,0
2020-09-15,Wales,W92000004,110,19681,0,0
2020-09-14,Wales,W92000004,183,19573,0,0
2020-09-13,Wales,W92000004,162,19390,0,0
2020-09-12,Wales,W92000004,164,19228,0,0
2020-09-11,Wales,W92000004,133,19064,0,0
2020-09-10,Wales,W92000004,102,18931,0,0
2020-09-09,Wales,W92000004,165,18829,0,0
2020-09-08,Wales,W92000004,150,18664,0,0
2020-09-07,Wales,W92000004,133,18514,0,0
2020-09-06,Wales,W92000004,98,18381,0,0
2020-09-05,Wales,W92000004,77,18283,0,0
2020-09-04,Wales,W92000004,51,18206,0,0
2020-09-03,Wales,W92000004,50,18155,0,0
2020-09-02,Wales,W92000004,42,18105,0,0
2020-09-01,Wales,W92000004,51,18063,0,0
2020-08-31,Wales,W92000004,39,18012,0,0
2020-08-30,Wales,W92000004,56,17973,0,0
2020-08-29,Wales,W92000004,40,17917,0,0
2020-08-28,Wales,W92000004,34,17877,0,0
2020-08-27,Wales,W92000004,35,17843,0,0
2020-08-26,Wales,W92000004,34,17808,0,0
2020-08-25,Wales,W92000004,28,17774,0,0
2020-08-24,Wales,W92000004,19,17746,0,0
2020-08-23,Wales,W92000004,20,17727,0,0
2020-08-22,Wales,W92000004,34,17707,0,0
2020-08-21,Wales,W92000004,34,17673,0,0
2020-08-20,Wales,W92000004,19,17639,0,0
2020-08-19,Wales,W92000004,21,17620,0,0
2020-08-18,Wales,W92000004,24,17599,0,0
2020-08-17,Wales,W92000004,14,17575,0,0
2020-08-16,Wales,W92000004,18,17561,0,0
2020-08-15,Wales,W92000004,27,17543,0,0
2020-08-14,Wales,W92000004,18,17516,0,0
2020-08-13,Wales,W92000004,15,17499,0,0
2020-08-12,Wales,W92000004,8,17484,0,0
2020-08-11,Wales,W92000004,13,17476,0,0
2020-08-10,Wales,W92000004,12,17463,0,0
2020-08-09,Wales,W92000004,26,17451,0,0
2020-08-08,Wales,W92000004,19,17425,0,0
2020-08-07,Wales,W92000004,17,17406,0,0
2020-08-06,Wales,W92000004,15,17389,0,0
2020-08-05,Wales,W92000004,14,17374,0,0
2020-08-04,Wales,W92000004,22,17361,0,0
2020-08-03,Wales,W92000004,24,17339,0,0
2020-08-02,Wales,W92000004,37,17315,0,0
2020-08-01,Wales,W92000004,21,17279,0,0
2020-07-31,Wales,W92000004,26,17258,0,0
2020-07-30,Wales,W92000004,9,17232,0,0
2020-07-29,Wales,W92000004,32,17223,0,0
2020-07-28,Wales,W92000004,21,17191,0,0
2020-07-27,Wales,W92000004,45,17170,0,0
2020-07-26,Wales,W92000004,22,17125,0,0
2020-07-25,Wales,W92000004,30,17105,0,0
2020-07-24,Wales,W92000004,45,17075,0,0
2020-07-23,Wales,W92000004,43,17030,0,0
2020-07-22,Wales,W92000004,22,16987,0,0
2020-07-21,Wales,W92000004,22,16965,0,0
2020-07-20,Wales,W92000004,15,16943,0,0
2020-07-19,Wales,W92000004,31,16928,0,0
2020-07-18,Wales,W92000004,10,16897,0,0
2020-07-17,Wales,W92000004,16,16887,0,0
2020-07-16,Wales,W92000004,18,16871,0,0
2020-07-15,Wales,W92000004,18,16854,0,0
2020-07-14,Wales,W92000004,21,16836,0,0
2020-07-13,Wales,W92000004,11,15973,0,0
2020-07-12,Wales,W92000004,16,15962,0,0
2020-07-11,Wales,W92000004,7,15946,0,0
2020-07-10,Wales,W92000004,10,15939,0,0
2020-07-09,Wales,W92000004,16,15929,0,0
2020-07-08,Wales,W92000004,13,15913,0,0
2020-07-07,Wales,W92000004,2,15900,0,0
2020-07-06,Wales,W92000004,8,15898,0,0
2020-07-05,Wales,W92000004,15,15890,0,0
2020-07-04,Wales,W92000004,34,15875,0,0
2020-07-03,Wales,W92000004,26,15841,0,0
2020-07-02,Wales,W92000004,41,15815,0,0
2020-07-01,Wales,W92000004,32,15775,0,0
2020-06-30,Wales,W92000004,26,15743,0,0
2020-06-29,Wales,W92000004,116,15717,0,0
2020-06-28,Wales,W92000004,25,15602,0,0
2020-06-27,Wales,W92000004,46,15577,0,0
2020-06-26,Wales,W92000004,65,15531,0,0
2020-06-25,Wales,W92000004,125,15466,0,0
2020-06-24,Wales,W92000004,47,15341,0,0
2020-06-23,Wales,W92000004,51,15295,0,0
2020-06-22,Wales,W92000004,71,15197,0,0
2020-06-21,Wales,W92000004,100,15126,0,0
2020-06-20,Wales,W92000004,25,15026,0,0
2020-06-19,Wales,W92000004,31,15001,0,0
2020-06-18,Wales,W92000004,48,14970,0,0
2020-06-17,Wales,W92000004,53,14922,0,0
2020-06-16,Wales,W92000004,65,14869,0,0
2020-06-15,Wales,W92000004,62,14804,0,0
2020-06-14,Wales,W92000004,39,14742,0,0
2020-06-13,Wales,W92000004,45,14703,0,0
2020-06-12,Wales,W92000004,77,14658,0,0
2020-06-11,Wales,W92000004,63,14581,0,0
2020-06-10,Wales,W92000004,38,14518,0,0
2020-06-09,Wales,W92000004,42,14480,0,0
2020-06-08,Wales,W92000004,42,14438,0,0
2020-06-07,Wales,W92000004,40,14396,0,0
2020-06-06,Wales,W92000004,42,14356,0,0
2020-06-05,Wales,W92000004,76,14314,0,0
2020-06-04,Wales,W92000004,35,14238,0,0
2020-06-03,Wales,W92000004,82,14203,0,0
2020-06-02,Wales,W92000004,67,14121,0,0
2020-06-01,Wales,W92000004,59,14054,0,0
2020-05-31,Wales,W92000004,82,13995,0,0
2020-05-30,Wales,W92000004,86,13913,0,0
2020-05-29,Wales,W92000004,102,13827,0,0
2020-05-28,Wales,W92000004,72,13725,0,0
2020-05-27,Wales,W92000004,97,13653,0,0
2020-05-26,Wales,W92000004,141,13556,0,0
2020-05-25,Wales,W92000004,106,13415,0,0
2020-05-24,Wales,W92000004,140,13309,0,0
2020-05-23,Wales,W92000004,185,13169,0,0
2020-05-22,Wales,W92000004,138,12984,0,0
2020-05-21,Wales,W92000004,166,12846,0,0
2020-05-20,Wales,W92000004,110,12680,0,0
2020-05-19,Wales,W92000004,166,12570,0,0
2020-05-18,Wales,W92000004,101,12404,0,0
2020-05-17,Wales,W92000004,162,12304,0,0
2020-05-16,Wales,W92000004,183,12142,0,0
2020-05-15,Wales,W92000004,126,11960,0,0
2020-05-14,Wales,W92000004,128,11834,0,0
2020-05-13,Wales,W92000004,133,11706,0,0
2020-05-12,Wales,W92000004,105,11573,0,0
2020-05-11,Wales,W92000004,124,11468,0,0
2020-05-10,Wales,W92000004,223,11344,0,0
2020-05-09,Wales,W92000004,118,11121,0,0
2020-05-08,Wales,W92000004,152,11003,0,0
2020-05-07,Wales,W92000004,87,10851,0,0
2020-05-06,Wales,W92000004,95,10764,0,0
2020-05-05,Wales,W92000004,145,10669,0,0
2020-05-04,Wales,W92000004,195,10524,0,0
2020-05-03,Wales,W92000004,174,10329,0,0
2020-05-02,Wales,W92000004,183,10155,0,0
2020-05-01,Wales,W92000004,160,9972,0,0
2020-04-30,Wales,W92000004,183,9812,0,0
2020-04-29,Wales,W92000004,117,9629,0,0
2020-04-28,Wales,W92000004,232,9512,0,0
2020-04-27,Wales,W92000004,203,9280,0,0
2020-04-26,Wales,W92000004,178,9078,0,0
2020-04-25,Wales,W92000004,299,8900,0,0
2020-04-24,Wales,W92000004,243,8601,0,0
2020-04-23,Wales,W92000004,234,8358,0,0
2020-04-22,Wales,W92000004,274,8124,0,0
2020-04-21,Wales,W92000004,304,7850,0,0
2020-04-20,Wales,W92000004,276,7546,0,0
2020-04-19,Wales,W92000004,334,7270,0,0
2020-04-18,Wales,W92000004,292,6936,0,0
2020-04-17,Wales,W92000004,244,6645,0,0
2020-04-16,Wales,W92000004,284,6401,0,0
2020-04-15,Wales,W92000004,272,6118,0,0
2020-04-14,Wales,W92000004,238,5848,0,0
2020-04-13,Wales,W92000004,313,5610,0,0
2020-04-12,Wales,W92000004,367,5297,0,0
2020-04-11,Wales,W92000004,340,4930,0,0
2020-04-10,Wales,W92000004,502,4591,0,0
2020-04-09,Wales,W92000004,16,4089,0,0
2020-04-08,Wales,W92000004,283,4073,0,0
2020-04-07,Wales,W92000004,291,3790,0,0
2020-04-06,Wales,W92000004,302,3499,0,0
2020-04-05,Wales,W92000004,344,3197,0,0
2020-04-04,Wales,W92000004,387,2853,0,0
2020-04-03,Wales,W92000004,345,2466,0,0
2020-04-02,Wales,W92000004,284,2121,0,0
2020-04-01,Wales,W92000004,274,1837,0,0
2020-03-31,Wales,W92000004,112,1563,0,0
2020-03-30,Wales,W92000004,210,1451,0,0
2020-03-29,Wales,W92000004,148,1241,0,0
2020-03-28,Wales,W92000004,172,1093,0,0
2020-03-27,Wales,W92000004,180,921,0,0
2020-03-26,Wales,W92000004,113,741,0,0
2020-03-25,Wales,W92000004,150,628,0,0
2020-03-24,Wales,W92000004,60,478,0,0
2020-03-23,Wales,W92000004,71,418,0,0
2020-03-22,Wales,W92000004,67,347,0,0
2020-03-21,Wales,W92000004,89,280,0,0
2020-03-20,Wales,W92000004,21,191,0,0
