date,areaName,areaCode,newCasesByPublishDate,cumCasesByPublishDate,newDeathsByDeathDate,cumDeathsByDeathDate
25/03/2021,England,E92000001,5286,3778510,52,140904
24/03/2021,England,E92000001,4615,3773224,77,140852
23/03/2021,England,E92000001,4583,3768609,123,140775
22/03/2021,England,E92000001,4746,3764026,150,140652
21/03/2021,England,E92000001,4459,3759280,143,140502
20/03/2021,England,E92000001,4732,3754821,143,140359
19/03/2021,England,E92000001,3809,3750089,168,140216
18/03/2021,England,E92000001,5213,3746280,192,140048
17/03/2021,England,E92000001,4827,3741067,209,139856
16/03/2021,England,E92000001,4391,3736240,246,139647
15/03/2021,England,E92000001,4264,3731849,279,139401
14/03/2021,England,E92000001,3774,3727585,226,139122
13/03/2021,England,E92000001,4539,3723811,261,138896
12/03/2021,England,E92000001,5529,3719272,257,138635
11/03/2021,England,E92000001,5744,3713743,322,138378
10/03/2021,England,E92000001,4863,3707999,299,138056
09/03/2021,England,E92000001,4894,3703136,310,137757
08/03/2021,England,E92000001,3903,3698242,344,137447
07/03/2021,England,E92000001,4497,3694339,327,137103
06/03/2021,England,E92000001,5118,3689842,312,136776
05/03/2021,England,E92000001,5053,3684724,337,136464
04/03/2021,England,E92000001,5643,3679671,357,136127
03/03/2021,England,E92000001,5408,3674028,330,135770
02/03/2021,England,E92000001,5530,3668620,366,135440
01/03/2021,England,E92000001,4738,3663090,420,135074
28/02/2021,England,E92000001,5080,3658352,396,134654
27/02/2021,England,E92000001,6527,3653272,400,134258
26/02/2021,England,E92000001,7393,3646745,406,133858
25/02/2021,England,E92000001,8623,3639352,471,133452
24/02/2021,England,E92000001,8644,3630729,466,132981
23/02/2021,England,E92000001,7292,3622085,501,132515
22/02/2021,England,E92000001,9420,3614793,485,132014
21/02/2021,England,E92000001,8408,3605373,501,131529
20/02/2021,England,E92000001,8964,3596965,536,131028
19/02/2021,England,E92000001,10296,3588001,562,130492
18/02/2021,England,E92000001,10740,3577705,609,129930
17/02/2021,England,E92000001,10926,3566965,604,129321
16/02/2021,England,E92000001,9236,3556039,675,128717
15/02/2021,England,E92000001,8609,3546803,714,128042
14/02/2021,England,E92000001,9499,3538194,670,127328
13/02/2021,England,E92000001,11697,3528695,653,126658
12/02/2021,England,E92000001,13299,3516998,673,126005
11/02/2021,England,E92000001,12001,3503699,734,125332
10/02/2021,England,E92000001,11551,3491698,765,124598
09/02/2021,England,E92000001,10916,3480147,773,123833
08/02/2021,England,E92000001,12270,3469231,833,123060
07/02/2021,England,E92000001,14466,3456961,804,122227
06/02/2021,England,E92000001,16302,3442495,790,121423
05/02/2021,England,E92000001,17314,3426193,887,120633
04/02/2021,England,E92000001,18529,3408879,857,119746
03/02/2021,England,E92000001,17265,3390350,988,118889
02/02/2021,England,E92000001,15021,3373085,953,117901
01/02/2021,England,E92000001,16815,3358064,995,116948
31/01/2021,England,E92000001,19054,3341249,989,115953
30/01/2021,England,E92000001,21089,3322195,1006,114964
29/01/2021,England,E92000001,26709,3301106,1118,113958
28/01/2021,England,E92000001,26182,3274397,1211,112840
27/01/2021,England,E92000001,22914,3248215,1204,111629
26/01/2021,England,E92000001,17920,3225301,1144,110425
25/01/2021,England,E92000001,20149,3207381,1252,109281
24/01/2021,England,E92000001,27580,3187232,1191,108029
23/01/2021,England,E92000001,30496,3159652,1236,106838
22/01/2021,England,E92000001,37115,3129156,1284,105602
21/01/2021,England,E92000001,34371,3092041,1290,104318
20/01/2021,England,E92000001,35061,3057670,1351,103028
19/01/2021,England,E92000001,30371,3022609,1444,101677
18/01/2021,England,E92000001,34134,2992238,1338,100233
17/01/2021,England,E92000001,35263,2958104,1320,98895
16/01/2021,England,E92000001,37759,2922841,1322,97575
15/01/2021,England,E92000001,50741,2885082,1245,96253
14/01/2021,England,E92000001,44358,2834341,1219,95008
13/01/2021,England,E92000001,42898,2789983,1244,93789
12/01/2021,England,E92000001,41121,2747085,1238,92545
11/01/2021,England,E92000001,41835,2705964,1151,91307
10/01/2021,England,E92000001,50291,2664129,1127,90156
09/01/2021,England,E92000001,54257,2613838,1062,89029
08/01/2021,England,E92000001,61757,2559581,1031,87967
07/01/2021,England,E92000001,46841,2497824,1029,86936
06/01/2021,England,E92000001,56060,2450983,972,85907
05/01/2021,England,E92000001,54940,2394923,944,84935
04/01/2021,England,E92000001,53180,2339983,899,83991
03/01/2021,England,E92000001,46853,2286803,767,83092
02/01/2021,England,E92000001,49248,2239950,787,82325
01/01/2021,England,E92000001,50746,2190702,764,81538
31/12/2020,England,E92000001,49510,2139956,774,80774
30/12/2020,England,E92000001,43554,2090446,746,80000
29/12/2020,England,E92000001,47164,2046892,701,79254
28/12/2020,England,E92000001,36511,1999728,707,78553
27/12/2020,England,E92000001,25619,1963217,694,77846
26/12/2020,England,E92000001,31307,1937598,689,77152
25/12/2020,England,E92000001,31560,1906291,642,76463
24/12/2020,England,E92000001,35561,1874731,598,75821
23/12/2020,England,E92000001,34247,1839170,614,75223
22/12/2020,England,E92000001,32288,1804923,619,74609
21/12/2020,England,E92000001,28742,1772635,642,73990
20/12/2020,England,E92000001,32155,1743893,537,73348
19/12/2020,England,E92000001,22775,1711738,522,72811
18/12/2020,England,E92000001,24452,1688963,553,72289
17/12/2020,England,E92000001,22401,1664511,558,71736
16/12/2020,England,E92000001,23432,1642110,456,71178
15/12/2020,England,E92000001,16504,1618678,483,70722
14/12/2020,England,E92000001,17882,1602174,515,70239
13/12/2020,England,E92000001,17164,1584292,464,69724
12/12/2020,England,E92000001,17468,1567128,483,69260
11/12/2020,England,E92000001,17899,1549660,501,68777
10/12/2020,England,E92000001,17622,1531761,479,68276
09/12/2020,England,E92000001,12960,1514139,460,67797
08/12/2020,England,E92000001,10459,1501179,471,67337
07/12/2020,England,E92000001,11623,1490720,458,66866
06/12/2020,England,E92000001,14294,1479097,437,66408
05/12/2020,England,E92000001,12666,1464803,430,65971
04/12/2020,England,E92000001,13412,1452137,491,65541
03/12/2020,England,E92000001,11992,1438725,499,65050
02/12/2020,England,E92000001,13323,1426733,426,64551
01/12/2020,England,E92000001,11618,1413410,437,64125
30/11/2020,England,E92000001,10869,1401792,460,63688
29/11/2020,England,E92000001,10054,1390923,471,63228
28/11/2020,England,E92000001,13323,1380869,462,62757
27/11/2020,England,E92000001,13557,1367546,437,62295
26/11/2020,England,E92000001,14637,1355272,448,61858
25/11/2020,England,E92000001,15893,1340635,509,61410
24/11/2020,England,E92000001,9854,1324742,470,60901
23/11/2020,England,E92000001,13329,1314888,471,60431
22/11/2020,England,E92000001,16668,1301559,479,59960
21/11/2020,England,E92000001,17615,1284891,466,59481
20/11/2020,England,E92000001,17845,1267276,464,59015
19/11/2020,England,E92000001,20291,1249431,449,58551
18/11/2020,England,E92000001,17189,1229140,506,58102
17/11/2020,England,E92000001,17549,1211951,437,57596
16/11/2020,England,E92000001,19423,1194402,405,57159
15/11/2020,England,E92000001,21998,1174979,432,56754
14/11/2020,England,E92000001,24298,1152981,424,56322
13/11/2020,England,E92000001,24540,1128683,403,55898
12/11/2020,England,E92000001,30843,1104143,408,55495
11/11/2020,England,E92000001,19970,1073300,370,55087
10/11/2020,England,E92000001,18622,1053330,366,54717
09/11/2020,England,E92000001,19036,1034708,474,54351
08/11/2020,England,E92000001,18293,1015672,393,53877
07/11/2020,England,E92000001,21875,997379,393,53484
06/11/2020,England,E92000001,20268,975504,375,53091
05/11/2020,England,E92000001,21137,955236,368,52716
04/11/2020,England,E92000001,21863,934099,319,52348
03/11/2020,England,E92000001,17330,912236,341,52029
02/11/2020,England,E92000001,15860,894906,322,51688
01/11/2020,England,E92000001,20602,879046,323,51366
31/10/2020,England,E92000001,18864,858444,324,51043
30/10/2020,England,E92000001,20821,839580,330,50719
29/10/2020,England,E92000001,19740,818759,292,50389
28/10/2020,England,E92000001,21245,799019,273,50097
27/10/2020,England,E92000001,19629,777774,262,49824
26/10/2020,England,E92000001,17883,758145,259,49562
25/10/2020,England,E92000001,16487,740262,241,49303
24/10/2020,England,E92000001,19332,723775,224,49062
23/10/2020,England,E92000001,17116,704443,242,48838
22/10/2020,England,E92000001,17354,687327,235,48596
21/10/2020,England,E92000001,22948,669973,247,48361
20/10/2020,England,E92000001,17814,647025,225,48114
19/10/2020,England,E92000001,16365,629211,197,47889
18/10/2020,England,E92000001,14704,612846,150,47692
17/10/2020,England,E92000001,13299,598142,201,47542
16/10/2020,England,E92000001,12176,584843,163,47341
15/10/2020,England,E92000001,16139,572667,160,47178
14/10/2020,England,E92000001,16132,556528,139,47018
13/10/2020,England,E92000001,14310,540396,134,46879
12/10/2020,England,E92000001,11647,526086,131,46745
11/10/2020,England,E92000001,10383,514439,143,46614
10/10/2020,England,E92000001,12628,504056,122,46471
09/10/2020,England,E92000001,10772,491428,110,46349
08/10/2020,England,E92000001,14952,480656,112,46239
07/10/2020,England,E92000001,11528,465704,118,46127
06/10/2020,England,E92000001,12648,454176,105,46009
05/10/2020,England,E92000001,10685,441528,104,45904
04/10/2020,England,E92000001,21309,430843,87,45800
03/10/2020,England,E92000001,10806,409534,104,45713
02/10/2020,England,E92000001,4797,398728,105,45609
01/10/2020,England,E92000001,5589,393931,107,45504
30/09/2020,England,E92000001,5656,388342,95,45397
29/09/2020,England,E92000001,5651,382686,74,45302
28/09/2020,England,E92000001,3316,377035,97,45228
27/09/2020,England,E92000001,4800,373719,94,45131
26/09/2020,England,E92000001,4639,368919,70,45037
25/09/2020,England,E92000001,5723,364280,70,44967
24/09/2020,England,E92000001,5632,358557,73,44897
23/09/2020,England,E92000001,5083,352925,92,44824
22/09/2020,England,E92000001,4187,347842,79,44732
21/09/2020,England,E92000001,3754,343655,68,44653
20/09/2020,England,E92000001,3279,339901,71,44585
19/09/2020,England,E92000001,3638,336622,59,44514
18/09/2020,England,E92000001,3771,332984,66,44455
17/09/2020,England,E92000001,2788,329213,63,44389
16/09/2020,England,E92000001,3396,326425,62,44326
15/09/2020,England,E92000001,2649,323029,70,44264
14/09/2020,England,E92000001,2259,320380,59,44194
13/09/2020,England,E92000001,2837,318121,55,44135
12/09/2020,England,E92000001,3008,315284,57,44080
11/09/2020,England,E92000001,3143,312276,40,44023
10/09/2020,England,E92000001,2578,309133,41,43983
09/09/2020,England,E92000001,2286,306555,51,43942
08/09/2020,England,E92000001,2094,304269,57,43891
07/09/2020,England,E92000001,2528,302175,51,43834
06/09/2020,England,E92000001,2576,299647,52,43783
05/09/2020,England,E92000001,1477,297071,70,43731
04/09/2020,England,E92000001,1669,295594,58,43661
03/09/2020,England,E92000001,1507,293925,51,43603
02/09/2020,England,E92000001,1239,292418,44,43552
01/09/2020,England,E92000001,1041,291179,55,43508
31/08/2020,England,E92000001,1149,290138,62,43453
30/08/2020,England,E92000001,1487,288989,35,43391
29/08/2020,England,E92000001,891,287502,43,43356
28/08/2020,England,E92000001,1106,286611,48,43313
27/08/2020,England,E92000001,1350,285505,45,43265
26/08/2020,England,E92000001,875,284155,56,43220
25/08/2020,England,E92000001,1065,283280,58,43164
24/08/2020,England,E92000001,758,282215,42,43106
23/08/2020,England,E92000001,938,281457,52,43064
22/08/2020,England,E92000001,1060,280519,43,43012
21/08/2020,England,E92000001,908,279459,39,42969
20/08/2020,England,E92000001,1035,278551,56,42930
19/08/2020,England,E92000001,707,277516,52,42874
18/08/2020,England,E92000001,975,276809,46,42822
17/08/2020,England,E92000001,634,275834,53,42776
16/08/2020,England,E92000001,952,275200,47,42723
15/08/2020,England,E92000001,934,274248,75,42676
14/08/2020,England,E92000001,1284,273314,52,42601
13/08/2020,England,E92000001,1059,272030,65,42549
12/08/2020,England,E92000001,925,270971,70,42484
11/08/2020,England,E92000001,1035,270046,74,42414
10/08/2020,England,E92000001,699,269011,62,42340
09/08/2020,England,E92000001,988,268312,60,42278
08/08/2020,England,E92000001,679,267324,60,42218
07/08/2020,England,E92000001,796,266645,60,42158
06/08/2020,England,E92000001,826,265849,56,42098
05/08/2020,England,E92000001,804,265023,40,42042
04/08/2020,England,E92000001,617,264219,48,42002
03/08/2020,England,E92000001,856,263602,50,41954
02/08/2020,England,E92000001,676,262746,53,41904
01/08/2020,England,E92000001,722,262070,50,41851
31/07/2020,England,E92000001,814,261348,69,41801
30/07/2020,England,E92000001,812,260534,45,41732
29/07/2020,England,E92000001,700,259722,58,41687
28/07/2020,England,E92000001,547,259022,50,41629
27/07/2020,England,E92000001,616,258475,51,41579
26/07/2020,England,E92000001,721,257859,75,41528
25/07/2020,England,E92000001,710,257138,56,41453
24/07/2020,England,E92000001,688,256428,43,41397
23/07/2020,England,E92000001,702,255740,58,41354
22/07/2020,England,E92000001,519,255038,81,41296
21/07/2020,England,E92000001,399,254519,62,41215
20/07/2020,England,E92000001,535,254120,67,41153
19/07/2020,England,E92000001,672,253585,63,41086
18/07/2020,England,E92000001,796,252913,61,41023
17/07/2020,England,E92000001,635,252117,73,40962
16/07/2020,England,E92000001,597,251482,53,40889
15/07/2020,England,E92000001,506,250885,73,40836
14/07/2020,England,E92000001,372,250379,81,40763
13/07/2020,England,E92000001,497,250007,77,40682
12/07/2020,England,E92000001,615,249510,58,40605
11/07/2020,England,E92000001,806,248895,78,40547
10/07/2020,England,E92000001,480,248089,64,40469
09/07/2020,England,E92000001,617,247609,97,40405
08/07/2020,England,E92000001,606,246992,82,40308
07/07/2020,England,E92000001,572,246386,64,40226
06/07/2020,England,E92000001,331,245814,77,40162
05/07/2020,England,E92000001,492,245483,73,40085
04/07/2020,England,E92000001,579,244991,84,40012
03/07/2020,England,E92000001,502,244412,82,39928
02/07/2020,England,E92000001,523,243910,86,39846
01/07/2020,England,E92000001,177,160764,79,39760
30/06/2020,England,E92000001,196,160587,94,39681
29/06/2020,England,E92000001,99,160391,83,39587
28/06/2020,England,E92000001,142,160292,97,39504
27/06/2020,England,E92000001,192,160150,92,39407
26/06/2020,England,E92000001,175,159958,115,39315
25/06/2020,England,E92000001,261,159696,135,39200
24/06/2020,England,E92000001,107,159435,124,39065
23/06/2020,England,E92000001,210,159328,132,38941
22/06/2020,England,E92000001,178,159118,106,38809
21/06/2020,England,E92000001,215,158940,100,38703
20/06/2020,England,E92000001,324,158725,97,38603
19/06/2020,England,E92000001,323,158401,99,38506
18/06/2020,England,E92000001,281,158078,115,38407
17/06/2020,England,E92000001,252,157797,111,38292
16/06/2020,England,E92000001,252,157545,122,38181
15/06/2020,England,E92000001,219,157293,127,38059
14/06/2020,England,E92000001,292,157074,144,37932
13/06/2020,England,E92000001,372,156782,106,37788
12/06/2020,England,E92000001,392,156410,140,37682
11/06/2020,England,E92000001,304,156018,130,37542
10/06/2020,England,E92000001,63,155714,158,37412
09/06/2020,England,E92000001,651,155651,165,37254
08/06/2020,England,E92000001,92,155000,162,37089
07/06/2020,England,E92000001,228,154908,164,36927
06/06/2020,England,E92000001,422,154680,157,36763
05/06/2020,England,E92000001,451,154258,174,36606
04/06/2020,England,E92000001,431,153807,177,36432
03/06/2020,England,E92000001,462,153376,183,36255
02/06/2020,England,E92000001,444,152914,219,36072
01/06/2020,England,E92000001,294,152470,196,35853
31/05/2020,England,E92000001,320,152176,179,35657
30/05/2020,England,E92000001,715,151856,196,35478
29/05/2020,England,E92000001,560,151982,221,35282
28/05/2020,England,E92000001,519,151422,234,35061
27/05/2020,England,E92000001,609,150903,223,34827
26/05/2020,England,E92000001,492,150294,257,34604
25/05/2020,England,E92000001,494,149802,235,34347
24/05/2020,England,E92000001,584,149308,206,34112
23/05/2020,England,E92000001,979,148724,254,33906
22/05/2020,England,E92000001,1083,147745,247,33652
21/05/2020,England,E92000001,854,146662,257,33405
20/05/2020,England,E92000001,824,145808,291,33148
19/05/2020,England,E92000001,857,145376,272,32857
18/05/2020,England,E92000001,816,144519,315,32585
17/05/2020,England,E92000001,788,143703,278,32270
16/05/2020,England,E92000001,1136,142915,317,31992
15/05/2020,England,E92000001,1112,141779,317,31675
14/05/2020,England,E92000001,1189,140667,333,31358
13/05/2020,England,E92000001,1146,139478,312,31025
12/05/2020,England,E92000001,1067,138332,323,30713
11/05/2020,England,E92000001,891,137265,315,30390
10/05/2020,England,E92000001,1007,136374,352,30075
09/05/2020,England,E92000001,1349,135367,375,29723
08/05/2020,England,E92000001,1694,134018,378,29348
07/05/2020,England,E92000001,2133,132324,444,28970
06/05/2020,England,E92000001,1611,130191,436,28526
05/05/2020,England,E92000001,1842,128580,435,28090
04/05/2020,England,E92000001,1485,126738,450,27655
03/05/2020,England,E92000001,2019,125253,423,27205
02/05/2020,England,E92000001,2228,123234,458,26782
01/05/2020,England,E92000001,2501,121006,509,26324
30/04/2020,England,E92000001,2484,118343,510,25815
29/04/2020,England,E92000001,1403,115859,521,25305
28/04/2020,England,E92000001,1989,114456,531,24784
27/04/2020,England,E92000001,2264,112467,525,24253
26/04/2020,England,E92000001,2152,110203,578,23728
25/04/2020,England,E92000001,2826,108051,574,23150
24/04/2020,England,E92000001,3004,105225,627,22576
23/04/2020,England,E92000001,3084,102221,610,21949
22/04/2020,England,E92000001,3020,99137,653,21339
21/04/2020,England,E92000001,3087,96117,655,20686
20/04/2020,England,E92000001,2401,93030,696,20031
19/04/2020,England,E92000001,3607,90629,691,19335
18/04/2020,England,E92000001,3548,87022,717,18644
17/04/2020,England,E92000001,3985,83474,747,17927
16/04/2020,England,E92000001,3118,79489,756,17180
15/04/2020,England,E92000001,3188,76371,785,16424
14/04/2020,England,E92000001,3854,73183,774,15639
13/04/2020,England,E92000001,2999,69329,804,14865
12/04/2020,England,E92000001,3672,66330,859,14061
11/04/2020,England,E92000001,3841,62658,863,13202
10/04/2020,England,E92000001,4263,58817,851,12339
09/04/2020,England,E92000001,3798,54554,875,11488
08/04/2020,England,E92000001,4788,50756,974,10613
07/04/2020,England,E92000001,2978,45968,915,9639
06/04/2020,England,E92000001,3176,42990,805,8724
05/04/2020,England,E92000001,5107,39814,830,7919
04/04/2020,England,E92000001,2910,34707,838,7089
03/04/2020,England,E92000001,3576,31797,743,6251
02/04/2020,England,E92000001,3583,28221,732,5508
01/04/2020,England,E92000001,3630,24638,699,4776
31/03/2020,England,E92000001,2414,21008,602,4077
30/03/2020,England,E92000001,2107,18594,541,3475
29/03/2020,England,E92000001,2060,16487,466,2934
28/03/2020,England,E92000001,2139,14427,384,2468
27/03/2020,England,E92000001,2506,12288,374,2084
26/03/2020,England,E92000001,1809,9782,336,1710
25/03/2020,England,E92000001,1130,7973,278,1374
24/03/2020,England,E92000001,1258,6843,219,1096
23/03/2020,England,E92000001,793,5585,173,877
22/03/2020,England,E92000001,535,4792,154,704
21/03/2020,England,E92000001,873,4257,117,550
20/03/2020,England,E92000001,628,3384,102,433
19/03/2020,England,E92000001,574,2756,67,331
18/03/2020,England,E92000001,625,2182,67,264
17/03/2020,England,E92000001,361,1557,50,197
16/03/2020,England,E92000001,97,1196,42,147
15/03/2020,England,E92000001,253,1099,32,105
14/03/2020,England,E92000001,201,846,20,73
13/03/2020,England,E92000001,159,645,16,53
12/03/2020,England,E92000001,99,486,12,37
11/03/2020,England,E92000001,63,387,8,25
10/03/2020,England,E92000001,46,324,3,17
09/03/2020,England,E92000001,40,282,5,14
08/03/2020,England,E92000001,58,241,3,9
07/03/2020,England,E92000001,39,183,0,6
06/03/2020,England,E92000001,39,144,0,6
05/03/2020,England,E92000001,25,105,3,6
04/03/2020,England,E92000001,32,80,0,3
03/03/2020,England,E92000001,11,48,2,3
02/03/2020,England,E92000001,4,37,1,1
01/03/2020,England,E92000001,12,33,,
29/02/2020,England,E92000001,3,21,,
28/02/2020,England,E92000001,5,18,,
27/02/2020,England,E92000001,0,13,,
26/02/2020,England,E92000001,0,13,,
25/02/2020,England,E92000001,0,13,,
24/02/2020,England,E92000001,4,13,,
23/02/2020,England,E92000001,0,9,,
22/02/2020,England,E92000001,0,9,,
21/02/2020,England,E92000001,0,9,,
20/02/2020,England,E92000001,0,9,,
19/02/2020,England,E92000001,0,9,,
18/02/2020,England,E92000001,0,9,,
17/02/2020,England,E92000001,0,9,,
16/02/2020,England,E92000001,0,9,,
15/02/2020,England,E92000001,0,9,,
14/02/2020,England,E92000001,0,9,,
13/02/2020,England,E92000001,1,9,,
12/02/2020,England,E92000001,0,8,,
11/02/2020,England,E92000001,0,8,,
10/02/2020,England,E92000001,4,8,,
09/02/2020,England,E92000001,1,4,,
08/02/2020,England,E92000001,0,3,,
07/02/2020,England,E92000001,0,3,,
06/02/2020,England,E92000001,1,3,,
05/02/2020,England,E92000001,0,2,,
04/02/2020,England,E92000001,0,2,,
03/02/2020,England,E92000001,0,2,,
02/02/2020,England,E92000001,0,2,,
01/02/2020,England,E92000001,0,2,,
31/01/2020,England,E92000001,2,2,,
30/01/2020,England,E92000001,0,,,
29/01/2020,England,E92000001,0,,,
28/01/2020,England,E92000001,0,,,
27/01/2020,England,E92000001,0,,,
26/01/2020,England,E92000001,0,,,
25/01/2020,England,E92000001,0,,,
24/01/2020,England,E92000001,0,,,
23/01/2020,England,E92000001,0,,,
22/01/2020,England,E92000001,0,,,
21/01/2020,England,E92000001,0,,,
20/01/2020,England,E92000001,0,,,
19/01/2020,England,E92000001,0,,,
18/01/2020,England,E92000001,0,,,
17/01/2020,England,E92000001,0,,,
16/01/2020,England,E92000001,0,,,
15/01/2020,England,E92000001,0,,,
14/01/2020,England,E92000001,0,,,
13/01/2020,England,E92000001,0,,,
12/01/2020,England,E92000001,0,,,
11/01/2020,England,E92000001,0,,,
10/01/2020,England,E92000001,0,,,
09/01/2020,England,E92000001,0,,,
08/01/2020,England,E92000001,0,,,
07/01/2020,England,E92000001,0,,,
06/01/2020,England,E92000001,0,,,
05/01/2020,England,E92000001,0,,,
04/01/2020,England,E92000001,0,,,
03/01/2020,England,E92000001,0,,,
26/03/2021,Northern Ireland,N92000002,181,116696,,
25/03/2021,Northern Ireland,N92000002,183,116515,,
24/03/2021,Northern Ireland,N92000002,139,116332,,
23/03/2021,Northern Ireland,N92000002,174,116193,,
22/03/2021,Northern Ireland,N92000002,87,116019,,
21/03/2021,Northern Ireland,N92000002,125,115932,,
20/03/2021,Northern Ireland,N92000002,159,115807,,
19/03/2021,Northern Ireland,N92000002,137,115648,,
18/03/2021,Northern Ireland,N92000002,169,115511,,
17/03/2021,Northern Ireland,N92000002,161,115342,,
16/03/2021,Northern Ireland,N92000002,164,115181,,
15/03/2021,Northern Ireland,N92000002,121,115017,,
14/03/2021,Northern Ireland,N92000002,143,114896,,
13/03/2021,Northern Ireland,N92000002,146,114753,,
12/03/2021,Northern Ireland,N92000002,208,114607,,
11/03/2021,Northern Ireland,N92000002,223,114399,,
10/03/2021,Northern Ireland,N92000002,147,114176,,
09/03/2021,Northern Ireland,N92000002,240,114029,,
08/03/2021,Northern Ireland,N92000002,144,113789,,
07/03/2021,Northern Ireland,N92000002,138,113645,,
06/03/2021,Northern Ireland,N92000002,172,113507,,
05/03/2021,Northern Ireland,N92000002,166,113335,,
04/03/2021,Northern Ireland,N92000002,163,113169,,
03/03/2021,Northern Ireland,N92000002,226,113006,,
02/03/2021,Northern Ireland,N92000002,149,112780,,
01/03/2021,Northern Ireland,N92000002,138,112631,,
28/02/2021,Northern Ireland,N92000002,136,112493,,
27/02/2021,Northern Ireland,N92000002,184,112357,,
26/02/2021,Northern Ireland,N92000002,241,112173,,
25/02/2021,Northern Ireland,N92000002,281,111932,,
24/02/2021,Northern Ireland,N92000002,260,111651,,
23/02/2021,Northern Ireland,N92000002,225,111391,,
22/02/2021,Northern Ireland,N92000002,187,111166,,
21/02/2021,Northern Ireland,N92000002,263,110979,,
20/02/2021,Northern Ireland,N92000002,276,110716,,
19/02/2021,Northern Ireland,N92000002,313,110440,,
18/02/2021,Northern Ireland,N92000002,342,110127,,
17/02/2021,Northern Ireland,N92000002,297,109785,,
16/02/2021,Northern Ireland,N92000002,341,109488,,
15/02/2021,Northern Ireland,N92000002,234,109147,,
14/02/2021,Northern Ireland,N92000002,176,108913,,
13/02/2021,Northern Ireland,N92000002,303,108737,,
12/02/2021,Northern Ireland,N92000002,407,108434,,
11/02/2021,Northern Ireland,N92000002,253,108027,,
10/02/2021,Northern Ireland,N92000002,336,107774,,
09/02/2021,Northern Ireland,N92000002,275,107438,,
08/02/2021,Northern Ireland,N92000002,296,107163,,
07/02/2021,Northern Ireland,N92000002,334,106867,,
06/02/2021,Northern Ireland,N92000002,390,106533,,
05/02/2021,Northern Ireland,N92000002,506,106143,,
04/02/2021,Northern Ireland,N92000002,412,105637,,
03/02/2021,Northern Ireland,N92000002,504,105225,,
02/02/2021,Northern Ireland,N92000002,447,104721,,
01/02/2021,Northern Ireland,N92000002,314,104274,,
31/01/2021,Northern Ireland,N92000002,426,103960,,
30/01/2021,Northern Ireland,N92000002,455,103534,,
29/01/2021,Northern Ireland,N92000002,669,103079,,
28/01/2021,Northern Ireland,N92000002,592,102410,,
27/01/2021,Northern Ireland,N92000002,527,101818,,
26/01/2021,Northern Ireland,N92000002,550,101291,,
25/01/2021,Northern Ireland,N92000002,422,100741,,
24/01/2021,Northern Ireland,N92000002,433,100319,,
23/01/2021,Northern Ireland,N92000002,670,99886,,
22/01/2021,Northern Ireland,N92000002,865,99216,,
21/01/2021,Northern Ireland,N92000002,732,98351,,
20/01/2021,Northern Ireland,N92000002,905,97619,,
19/01/2021,Northern Ireland,N92000002,713,96714,,
18/01/2021,Northern Ireland,N92000002,640,96001,,
17/01/2021,Northern Ireland,N92000002,822,95361,,
16/01/2021,Northern Ireland,N92000002,705,94539,,
15/01/2021,Northern Ireland,N92000002,1052,93834,,
14/01/2021,Northern Ireland,N92000002,973,92782,,
13/01/2021,Northern Ireland,N92000002,1145,91809,,
12/01/2021,Northern Ireland,N92000002,1205,90664,,
11/01/2021,Northern Ireland,N92000002,759,89459,,
10/01/2021,Northern Ireland,N92000002,1112,88700,,
09/01/2021,Northern Ireland,N92000002,1442,87588,,
08/01/2021,Northern Ireland,N92000002,1500,86146,,
07/01/2021,Northern Ireland,N92000002,1410,84646,,
06/01/2021,Northern Ireland,N92000002,1985,83236,,
05/01/2021,Northern Ireland,N92000002,1378,81251,,
04/01/2021,Northern Ireland,N92000002,1801,79873,,
03/01/2021,Northern Ireland,N92000002,1662,78072,,
02/01/2021,Northern Ireland,N92000002,3576,76410,,
01/01/2021,Northern Ireland,N92000002,0,72834,,
31/12/2020,Northern Ireland,N92000002,1929,72834,,
30/12/2020,Northern Ireland,N92000002,2143,70905,,
29/12/2020,Northern Ireland,N92000002,1566,68762,,
28/12/2020,Northern Ireland,N92000002,1634,67196,,
27/12/2020,Northern Ireland,N92000002,0,65562,,
26/12/2020,Northern Ireland,N92000002,998,65562,,
25/12/2020,Northern Ireland,N92000002,0,64564,,
24/12/2020,Northern Ireland,N92000002,841,64564,,
23/12/2020,Northern Ireland,N92000002,787,63723,,
22/12/2020,Northern Ireland,N92000002,439,62936,,
21/12/2020,Northern Ireland,N92000002,555,62497,,
20/12/2020,Northern Ireland,N92000002,505,61942,,
19/12/2020,Northern Ireland,N92000002,640,61437,,
18/12/2020,Northern Ireland,N92000002,510,60797,,
17/12/2020,Northern Ireland,N92000002,656,60287,,
16/12/2020,Northern Ireland,N92000002,510,59631,,
15/12/2020,Northern Ireland,N92000002,486,59121,,
14/12/2020,Northern Ireland,N92000002,419,58635,,
13/12/2020,Northern Ireland,N92000002,483,58216,,
12/12/2020,Northern Ireland,N92000002,476,57733,,
11/12/2020,Northern Ireland,N92000002,538,57257,,
10/12/2020,Northern Ireland,N92000002,441,56719,,
09/12/2020,Northern Ireland,N92000002,483,56278,,
08/12/2020,Northern Ireland,N92000002,351,55795,,
07/12/2020,Northern Ireland,N92000002,397,55444,,
06/12/2020,Northern Ireland,N92000002,419,55047,,
05/12/2020,Northern Ireland,N92000002,451,54628,,
04/12/2020,Northern Ireland,N92000002,449,54177,,
03/12/2020,Northern Ireland,N92000002,456,53728,,
02/12/2020,Northern Ireland,N92000002,416,53272,,
01/12/2020,Northern Ireland,N92000002,391,52856,,
30/11/2020,Northern Ireland,N92000002,290,52465,,
29/11/2020,Northern Ireland,N92000002,351,52175,,
28/11/2020,Northern Ireland,N92000002,315,51824,,
27/11/2020,Northern Ireland,N92000002,391,51509,,
26/11/2020,Northern Ireland,N92000002,442,51118,,
25/11/2020,Northern Ireland,N92000002,533,50676,,
24/11/2020,Northern Ireland,N92000002,79,50143,,
23/11/2020,Northern Ireland,N92000002,280,50064,,
22/11/2020,Northern Ireland,N92000002,342,49784,,
21/11/2020,Northern Ireland,N92000002,357,49442,,
20/11/2020,Northern Ireland,N92000002,369,49085,,
19/11/2020,Northern Ireland,N92000002,487,48716,,
18/11/2020,Northern Ireland,N92000002,518,48229,,
17/11/2020,Northern Ireland,N92000002,549,47711,,
16/11/2020,Northern Ireland,N92000002,331,47162,,
15/11/2020,Northern Ireland,N92000002,472,46831,,
14/11/2020,Northern Ireland,N92000002,511,46359,,
13/11/2020,Northern Ireland,N92000002,607,45848,,
12/11/2020,Northern Ireland,N92000002,548,45241,,
11/11/2020,Northern Ireland,N92000002,791,44693,,
10/11/2020,Northern Ireland,N92000002,514,43902,,
09/11/2020,Northern Ireland,N92000002,471,43388,,
08/11/2020,Northern Ireland,N92000002,420,42917,,
07/11/2020,Northern Ireland,N92000002,528,42497,,
06/11/2020,Northern Ireland,N92000002,595,41969,,
05/11/2020,Northern Ireland,N92000002,516,41374,,
04/11/2020,Northern Ireland,N92000002,679,40858,,
03/11/2020,Northern Ireland,N92000002,570,40179,,
02/11/2020,Northern Ireland,N92000002,493,39609,,
01/11/2020,Northern Ireland,N92000002,685,39116,,
31/10/2020,Northern Ireland,N92000002,649,38431,,
30/10/2020,Northern Ireland,N92000002,566,37782,,
29/10/2020,Northern Ireland,N92000002,822,37216,,
28/10/2020,Northern Ireland,N92000002,840,36394,,
27/10/2020,Northern Ireland,N92000002,722,35554,,
26/10/2020,Northern Ireland,N92000002,727,34832,,
25/10/2020,Northern Ireland,N92000002,896,34105,,
24/10/2020,Northern Ireland,N92000002,923,33209,,
23/10/2020,Northern Ireland,N92000002,1252,32286,,
22/10/2020,Northern Ireland,N92000002,1042,31034,,
21/10/2020,Northern Ireland,N92000002,1039,29992,,
20/10/2020,Northern Ireland,N92000002,913,28953,,
19/10/2020,Northern Ireland,N92000002,820,28040,,
18/10/2020,Northern Ireland,N92000002,1012,27220,,
17/10/2020,Northern Ireland,N92000002,1031,26208,,
16/10/2020,Northern Ireland,N92000002,1299,25177,,
15/10/2020,Northern Ireland,N92000002,763,23878,,
14/10/2020,Northern Ireland,N92000002,1217,23115,,
13/10/2020,Northern Ireland,N92000002,863,21898,,
12/10/2020,Northern Ireland,N92000002,877,21035,,
11/10/2020,Northern Ireland,N92000002,1066,20158,,
10/10/2020,Northern Ireland,N92000002,902,19092,,
09/10/2020,Northern Ireland,N92000002,1080,18190,,
08/10/2020,Northern Ireland,N92000002,923,17110,,
07/10/2020,Northern Ireland,N92000002,828,16187,,
06/10/2020,Northern Ireland,N92000002,669,15359,,
05/10/2020,Northern Ireland,N92000002,616,14690,,
04/10/2020,Northern Ireland,N92000002,462,14074,,
03/10/2020,Northern Ireland,N92000002,726,13612,,
02/10/2020,Northern Ireland,N92000002,934,12886,,
01/10/2020,Northern Ireland,N92000002,259,11952,,
30/09/2020,Northern Ireland,N92000002,424,11693,,
29/09/2020,Northern Ireland,N92000002,320,11269,,
28/09/2020,Northern Ireland,N92000002,220,10949,,
27/09/2020,Northern Ireland,N92000002,187,10729,,
26/09/2020,Northern Ireland,N92000002,319,10542,,
25/09/2020,Northern Ireland,N92000002,273,10223,,
24/09/2020,Northern Ireland,N92000002,189,9950,,
23/09/2020,Northern Ireland,N92000002,220,9761,,
22/09/2020,Northern Ireland,N92000002,75,9541,,
21/09/2020,Northern Ireland,N92000002,125,9466,,
20/09/2020,Northern Ireland,N92000002,176,9341,,
19/09/2020,Northern Ireland,N92000002,222,9165,,
18/09/2020,Northern Ireland,N92000002,163,8943,,
17/09/2020,Northern Ireland,N92000002,149,8780,,
16/09/2020,Northern Ireland,N92000002,129,8631,,
15/09/2020,Northern Ireland,N92000002,79,8502,,
14/09/2020,Northern Ireland,N92000002,109,8423,,
13/09/2020,Northern Ireland,N92000002,87,8314,,
12/09/2020,Northern Ireland,N92000002,104,8227,,
11/09/2020,Northern Ireland,N92000002,88,8123,,
10/09/2020,Northern Ireland,N92000002,78,8035,,
09/09/2020,Northern Ireland,N92000002,49,7957,,
08/09/2020,Northern Ireland,N92000002,40,7908,,
07/09/2020,Northern Ireland,N92000002,141,7868,,
06/09/2020,Northern Ireland,N92000002,106,7727,,
05/09/2020,Northern Ireland,N92000002,118,7621,,
04/09/2020,Northern Ireland,N92000002,61,7503,,
03/09/2020,Northern Ireland,N92000002,77,7442,,
02/09/2020,Northern Ireland,N92000002,71,7365,,
01/09/2020,Northern Ireland,N92000002,49,7294,,
31/08/2020,Northern Ireland,N92000002,58,7245,,
30/08/2020,Northern Ireland,N92000002,49,7187,,
29/08/2020,Northern Ireland,N92000002,89,7138,,
28/08/2020,Northern Ireland,N92000002,85,7049,,
27/08/2020,Northern Ireland,N92000002,69,6964,,
26/08/2020,Northern Ireland,N92000002,72,6895,,
25/08/2020,Northern Ireland,N92000002,47,6823,,
24/08/2020,Northern Ireland,N92000002,10,6776,,
23/08/2020,Northern Ireland,N92000002,119,6766,,
22/08/2020,Northern Ireland,N92000002,71,6647,,
21/08/2020,Northern Ireland,N92000002,20,6576,,
20/08/2020,Northern Ireland,N92000002,51,6556,,
19/08/2020,Northern Ireland,N92000002,34,6505,,
18/08/2020,Northern Ireland,N92000002,41,6471,,
17/08/2020,Northern Ireland,N92000002,39,6430,,
16/08/2020,Northern Ireland,N92000002,27,6391,,
15/08/2020,Northern Ireland,N92000002,65,6364,,
14/08/2020,Northern Ireland,N92000002,74,6299,,
13/08/2020,Northern Ireland,N92000002,8,6225,,
12/08/2020,Northern Ireland,N92000002,29,6217,,
11/08/2020,Northern Ireland,N92000002,48,6188,,
10/08/2020,Northern Ireland,N92000002,0,6140,,
09/08/2020,Northern Ireland,N92000002,0,6064,,
08/08/2020,Northern Ireland,N92000002,0,6064,,
07/08/2020,Northern Ireland,N92000002,15,6064,,
06/08/2020,Northern Ireland,N92000002,43,6049,,
05/08/2020,Northern Ireland,N92000002,10,6006,,
04/08/2020,Northern Ireland,N92000002,8,5996,,
03/08/2020,Northern Ireland,N92000002,0,5988,,
02/08/2020,Northern Ireland,N92000002,0,5948,,
01/08/2020,Northern Ireland,N92000002,0,5948,,
31/07/2020,Northern Ireland,N92000002,10,5948,,
30/07/2020,Northern Ireland,N92000002,8,5938,,
29/07/2020,Northern Ireland,N92000002,9,5930,,
28/07/2020,Northern Ireland,N92000002,9,5921,,
27/07/2020,Northern Ireland,N92000002,0,5912,,
26/07/2020,Northern Ireland,N92000002,0,5891,,
25/07/2020,Northern Ireland,N92000002,0,5891,,
24/07/2020,Northern Ireland,N92000002,15,5891,,
23/07/2020,Northern Ireland,N92000002,8,5876,,
22/07/2020,Northern Ireland,N92000002,9,5868,,
21/07/2020,Northern Ireland,N92000002,2,5859,,
20/07/2020,Northern Ireland,N92000002,0,5857,,
19/07/2020,Northern Ireland,N92000002,0,5834,,
18/07/2020,Northern Ireland,N92000002,0,5834,,
17/07/2020,Northern Ireland,N92000002,19,5834,,
16/07/2020,Northern Ireland,N92000002,16,5815,,
15/07/2020,Northern Ireland,N92000002,9,5799,,
14/07/2020,Northern Ireland,N92000002,2,5790,,
13/07/2020,Northern Ireland,N92000002,0,5788,,
12/07/2020,Northern Ireland,N92000002,0,5772,,
11/07/2020,Northern Ireland,N92000002,0,5772,,
10/07/2020,Northern Ireland,N92000002,4,5772,,
09/07/2020,Northern Ireland,N92000002,3,5768,,
08/07/2020,Northern Ireland,N92000002,4,5765,,
07/07/2020,Northern Ireland,N92000002,5,5761,,
06/07/2020,Northern Ireland,N92000002,0,5756,,
05/07/2020,Northern Ireland,N92000002,0,5747,,
04/07/2020,Northern Ireland,N92000002,0,5747,,
03/07/2020,Northern Ireland,N92000002,4,5747,,
02/07/2020,Northern Ireland,N92000002,7,5768,,
01/07/2020,Northern Ireland,N92000002,1,5761,,
30/06/2020,Northern Ireland,N92000002,3,5760,,
29/06/2020,Northern Ireland,N92000002,6,5757,,
28/06/2020,Northern Ireland,N92000002,1,5751,,
27/06/2020,Northern Ireland,N92000002,2,5750,,
26/06/2020,Northern Ireland,N92000002,4,5748,,
25/06/2020,Northern Ireland,N92000002,1,4874,,
24/06/2020,Northern Ireland,N92000002,2,4873,,
23/06/2020,Northern Ireland,N92000002,0,4871,,
22/06/2020,Northern Ireland,N92000002,1,4871,,
21/06/2020,Northern Ireland,N92000002,4,4870,,
20/06/2020,Northern Ireland,N92000002,0,4866,,
19/06/2020,Northern Ireland,N92000002,3,4866,,
18/06/2020,Northern Ireland,N92000002,1,4863,,
17/06/2020,Northern Ireland,N92000002,8,4862,,
16/06/2020,Northern Ireland,N92000002,2,4854,,
15/06/2020,Northern Ireland,N92000002,4,4852,,
14/06/2020,Northern Ireland,N92000002,7,4848,,
13/06/2020,Northern Ireland,N92000002,3,4841,,
12/06/2020,Northern Ireland,N92000002,16,4838,,
11/06/2020,Northern Ireland,N92000002,4,4822,,
10/06/2020,Northern Ireland,N92000002,13,4818,,
09/06/2020,Northern Ireland,N92000002,3,4805,,
08/06/2020,Northern Ireland,N92000002,6,4802,,
07/06/2020,Northern Ireland,N92000002,6,4796,,
06/06/2020,Northern Ireland,N92000002,14,4790,,
05/06/2020,Northern Ireland,N92000002,3,4776,,
04/06/2020,Northern Ireland,N92000002,33,4773,,
03/06/2020,Northern Ireland,N92000002,8,4740,,
02/06/2020,Northern Ireland,N92000002,4,4732,,
01/06/2020,Northern Ireland,N92000002,12,4728,,
31/05/2020,Northern Ireland,N92000002,7,4716,,
30/05/2020,Northern Ireland,N92000002,13,4709,,
29/05/2020,Northern Ireland,N92000002,17,4696,,
28/05/2020,Northern Ireland,N92000002,16,4679,,
27/05/2020,Northern Ireland,N92000002,26,4663,,
26/05/2020,Northern Ireland,N92000002,28,4637,,
25/05/2020,Northern Ireland,N92000002,39,4609,,
24/05/2020,Northern Ireland,N92000002,25,4570,,
23/05/2020,Northern Ireland,N92000002,41,4545,,
22/05/2020,Northern Ireland,N92000002,23,4504,,
21/05/2020,Northern Ireland,N92000002,42,4481,,
20/05/2020,Northern Ireland,N92000002,18,4439,,
19/05/2020,Northern Ireland,N92000002,20,4421,,
18/05/2020,Northern Ireland,N92000002,16,4401,,
17/05/2020,Northern Ireland,N92000002,28,4385,,
16/05/2020,Northern Ireland,N92000002,40,4357,,
15/05/2020,Northern Ireland,N92000002,26,4317,,
14/05/2020,Northern Ireland,N92000002,38,4291,,
13/05/2020,Northern Ireland,N92000002,60,4253,,
12/05/2020,Northern Ireland,N92000002,44,4193,,
11/05/2020,Northern Ireland,N92000002,30,4149,,
10/05/2020,Northern Ireland,N92000002,41,4119,,
09/05/2020,Northern Ireland,N92000002,56,4078,,
08/05/2020,Northern Ireland,N92000002,38,4022,,
07/05/2020,Northern Ireland,N92000002,50,3984,,
06/05/2020,Northern Ireland,N92000002,53,3934,,
05/05/2020,Northern Ireland,N92000002,45,3881,,
04/05/2020,Northern Ireland,N92000002,69,3836,,
03/05/2020,Northern Ireland,N92000002,78,3767,,
02/05/2020,Northern Ireland,N92000002,66,3689,,
01/05/2020,Northern Ireland,N92000002,87,3623,,
30/04/2020,Northern Ireland,N92000002,73,3536,,
29/04/2020,Northern Ireland,N92000002,55,3463,,
28/04/2020,Northern Ireland,N92000002,34,3408,,
27/04/2020,Northern Ireland,N92000002,66,3374,,
26/04/2020,Northern Ireland,N92000002,82,3308,,
25/04/2020,Northern Ireland,N92000002,104,3226,,
24/04/2020,Northern Ireland,N92000002,106,3122,,
23/04/2020,Northern Ireland,N92000002,142,3016,,
22/04/2020,Northern Ireland,N92000002,116,2874,,
21/04/2020,Northern Ireland,N92000002,30,2758,,
20/04/2020,Northern Ireland,N92000002,83,2728,,
19/04/2020,Northern Ireland,N92000002,159,2645,,
18/04/2020,Northern Ireland,N92000002,148,2486,,
17/04/2020,Northern Ireland,N92000002,137,2338,,
16/04/2020,Northern Ireland,N92000002,113,2201,,
15/04/2020,Northern Ireland,N92000002,121,2088,,
14/04/2020,Northern Ireland,N92000002,85,1967,,
13/04/2020,Northern Ireland,N92000002,76,1882,,
12/04/2020,Northern Ireland,N92000002,89,1806,,
11/04/2020,Northern Ireland,N92000002,128,1717,,
10/04/2020,Northern Ireland,N92000002,112,1589,,
09/04/2020,Northern Ireland,N92000002,138,1477,,
08/04/2020,Northern Ireland,N92000002,84,1339,,
07/04/2020,Northern Ireland,N92000002,97,1255,,
06/04/2020,Northern Ireland,N92000002,69,1158,,
05/04/2020,Northern Ireland,N92000002,91,1089,,
04/04/2020,Northern Ireland,N92000002,94,998,,
03/04/2020,Northern Ireland,N92000002,130,904,,
02/04/2020,Northern Ireland,N92000002,85,774,,
01/04/2020,Northern Ireland,N92000002,103,689,,
31/03/2020,Northern Ireland,N92000002,53,586,,
30/03/2020,Northern Ireland,N92000002,123,533,,
29/03/2020,Northern Ireland,N92000002,86,410,,
28/03/2020,Northern Ireland,N92000002,49,324,,
27/03/2020,Northern Ireland,N92000002,34,275,,
26/03/2020,Northern Ireland,N92000002,32,241,,
25/03/2020,Northern Ireland,N92000002,37,209,,
24/03/2020,Northern Ireland,N92000002,24,172,,
23/03/2020,Northern Ireland,N92000002,20,148,,
22/03/2020,Northern Ireland,N92000002,20,128,,
21/03/2020,Northern Ireland,N92000002,22,108,,
20/03/2020,Northern Ireland,N92000002,9,86,,
19/03/2020,Northern Ireland,N92000002,9,77,,
18/03/2020,Northern Ireland,N92000002,6,68,,
17/03/2020,Northern Ireland,N92000002,10,62,,
16/03/2020,Northern Ireland,N92000002,7,52,,
15/03/2020,Northern Ireland,N92000002,11,45,,
14/03/2020,Northern Ireland,N92000002,5,34,,
13/03/2020,Northern Ireland,N92000002,10,29,,
12/03/2020,Northern Ireland,N92000002,1,19,,
11/03/2020,Northern Ireland,N92000002,2,18,,
10/03/2020,Northern Ireland,N92000002,0,16,,
09/03/2020,Northern Ireland,N92000002,3,12,,
08/03/2020,Northern Ireland,N92000002,5,9,,
07/03/2020,Northern Ireland,N92000002,2,4,,
06/03/2020,Northern Ireland,N92000002,2,2,,
05/03/2020,Northern Ireland,N92000002,0,,,
04/03/2020,Northern Ireland,N92000002,0,,,
03/03/2020,Northern Ireland,N92000002,0,,,
02/03/2020,Northern Ireland,N92000002,0,,,
01/03/2020,Northern Ireland,N92000002,0,,,
29/02/2020,Northern Ireland,N92000002,0,,,
28/02/2020,Northern Ireland,N92000002,0,,,
27/02/2020,Northern Ireland,N92000002,0,,,
26/02/2020,Northern Ireland,N92000002,0,,,
25/02/2020,Northern Ireland,N92000002,0,,,
24/02/2020,Northern Ireland,N92000002,0,,,
23/02/2020,Northern Ireland,N92000002,0,,,
22/02/2020,Northern Ireland,N92000002,0,,,
21/02/2020,Northern Ireland,N92000002,0,,,
20/02/2020,Northern Ireland,N92000002,0,,,
19/02/2020,Northern Ireland,N92000002,0,,,
18/02/2020,Northern Ireland,N92000002,0,,,
17/02/2020,Northern Ireland,N92000002,0,,,
16/02/2020,Northern Ireland,N92000002,0,,,
15/02/2020,Northern Ireland,N92000002,0,,,
14/02/2020,Northern Ireland,N92000002,0,,,
13/02/2020,Northern Ireland,N92000002,0,,,
12/02/2020,Northern Ireland,N92000002,0,,,
11/02/2020,Northern Ireland,N92000002,0,,,
10/02/2020,Northern Ireland,N92000002,0,,,
09/02/2020,Northern Ireland,N92000002,0,,,
08/02/2020,Northern Ireland,N92000002,0,,,
07/02/2020,Northern Ireland,N92000002,0,,,
06/02/2020,Northern Ireland,N92000002,0,,,
05/02/2020,Northern Ireland,N92000002,0,,,
04/02/2020,Northern Ireland,N92000002,0,,,
03/02/2020,Northern Ireland,N92000002,0,,,
02/02/2020,Northern Ireland,N92000002,0,,,
01/02/2020,Northern Ireland,N92000002,0,,,
31/01/2020,Northern Ireland,N92000002,0,,,
30/01/2020,Northern Ireland,N92000002,0,,,
29/01/2020,Northern Ireland,N92000002,0,,,
28/01/2020,Northern Ireland,N92000002,0,,,
27/01/2020,Northern Ireland,N92000002,0,,,
26/01/2020,Northern Ireland,N92000002,0,,,
25/01/2020,Northern Ireland,N92000002,0,,,
24/01/2020,Northern Ireland,N92000002,0,,,
23/01/2020,Northern Ireland,N92000002,0,,,
22/01/2020,Northern Ireland,N92000002,0,,,
21/01/2020,Northern Ireland,N92000002,0,,,
20/01/2020,Northern Ireland,N92000002,0,,,
19/01/2020,Northern Ireland,N92000002,0,,,
18/01/2020,Northern Ireland,N92000002,0,,,
17/01/2020,Northern Ireland,N92000002,0,,,
16/01/2020,Northern Ireland,N92000002,0,,,
15/01/2020,Northern Ireland,N92000002,0,,,
14/01/2020,Northern Ireland,N92000002,0,,,
13/01/2020,Northern Ireland,N92000002,0,,,
12/01/2020,Northern Ireland,N92000002,0,,,
11/01/2020,Northern Ireland,N92000002,0,,,
10/01/2020,Northern Ireland,N92000002,0,,,
09/01/2020,Northern Ireland,N92000002,0,,,
08/01/2020,Northern Ireland,N92000002,0,,,
07/01/2020,Northern Ireland,N92000002,0,,,
06/01/2020,Northern Ireland,N92000002,0,,,
05/01/2020,Northern Ireland,N92000002,0,,,
04/01/2020,Northern Ireland,N92000002,0,,,
03/01/2020,Northern Ireland,N92000002,0,,,
26/03/2021,Scotland,S92000003,543,216142,,
25/03/2021,Scotland,S92000003,701,215599,,
24/03/2021,Scotland,S92000003,692,215075,,
23/03/2021,Scotland,S92000003,495,214383,,
22/03/2021,Scotland,S92000003,359,213888,,
21/03/2021,Scotland,S92000003,532,213529,,
20/03/2021,Scotland,S92000003,488,212997,,
19/03/2021,Scotland,S92000003,655,212509,,
18/03/2021,Scotland,S92000003,624,211854,,
17/03/2021,Scotland,S92000003,625,211230,,
16/03/2021,Scotland,S92000003,597,210605,,
15/03/2021,Scotland,S92000003,456,210008,,
14/03/2021,Scotland,S92000003,484,209552,,
13/03/2021,Scotland,S92000003,639,209068,,
12/03/2021,Scotland,S92000003,682,208429,,
11/03/2021,Scotland,S92000003,591,207747,,
10/03/2021,Scotland,S92000003,691,207156,,
09/03/2021,Scotland,S92000003,466,206465,,
08/03/2021,Scotland,S92000003,501,205999,,
07/03/2021,Scotland,S92000003,390,205498,,
06/03/2021,Scotland,S92000003,555,205108,,
05/03/2021,Scotland,S92000003,498,204553,,
04/03/2021,Scotland,S92000003,500,204055,,
03/03/2021,Scotland,S92000003,543,203555,,
02/03/2021,Scotland,S92000003,542,203012,,
01/03/2021,Scotland,S92000003,386,202470,,
28/02/2021,Scotland,S92000003,572,202084,,
27/02/2021,Scotland,S92000003,525,201512,,
26/02/2021,Scotland,S92000003,581,200987,,
25/02/2021,Scotland,S92000003,769,200406,,
24/02/2021,Scotland,S92000003,798,199637,,
23/02/2021,Scotland,S92000003,655,198839,,
22/02/2021,Scotland,S92000003,715,198184,,
21/02/2021,Scotland,S92000003,827,197469,,
20/02/2021,Scotland,S92000003,803,196642,,
19/02/2021,Scotland,S92000003,885,195839,,
18/02/2021,Scotland,S92000003,685,194954,,
17/02/2021,Scotland,S92000003,1121,194269,,
16/02/2021,Scotland,S92000003,773,193148,,
15/02/2021,Scotland,S92000003,559,192375,,
14/02/2021,Scotland,S92000003,903,191816,,
13/02/2021,Scotland,S92000003,908,190913,,
12/02/2021,Scotland,S92000003,830,190005,,
11/02/2021,Scotland,S92000003,830,189175,,
10/02/2021,Scotland,S92000003,803,188345,,
09/02/2021,Scotland,S92000003,822,187542,,
08/02/2021,Scotland,S92000003,928,186720,,
07/02/2021,Scotland,S92000003,584,185792,,
06/02/2021,Scotland,S92000003,895,185208,,
05/02/2021,Scotland,S92000003,895,184313,,
04/02/2021,Scotland,S92000003,1149,183418,,
03/02/2021,Scotland,S92000003,978,182269,,
02/02/2021,Scotland,S92000003,758,181291,,
01/02/2021,Scotland,S92000003,848,180533,,
31/01/2021,Scotland,S92000003,1003,179685,,
30/01/2021,Scotland,S92000003,994,178682,,
29/01/2021,Scotland,S92000003,1155,177688,,
28/01/2021,Scotland,S92000003,1201,176533,,
27/01/2021,Scotland,S92000003,1330,175332,,
26/01/2021,Scotland,S92000003,1049,174002,,
25/01/2021,Scotland,S92000003,752,172953,,
24/01/2021,Scotland,S92000003,1195,172201,,
23/01/2021,Scotland,S92000003,1307,171006,,
22/01/2021,Scotland,S92000003,1480,169699,,
21/01/2021,Scotland,S92000003,1636,168219,,
20/01/2021,Scotland,S92000003,1656,166583,,
19/01/2021,Scotland,S92000003,1165,164927,,
18/01/2021,Scotland,S92000003,1429,163762,,
17/01/2021,Scotland,S92000003,1341,162333,,
16/01/2021,Scotland,S92000003,1753,160992,,
15/01/2021,Scotland,S92000003,2160,159239,,
14/01/2021,Scotland,S92000003,1707,157079,,
13/01/2021,Scotland,S92000003,1949,155372,,
12/01/2021,Scotland,S92000003,1875,153423,,
11/01/2021,Scotland,S92000003,1782,151548,,
10/01/2021,Scotland,S92000003,1877,149766,,
09/01/2021,Scotland,S92000003,1865,147889,,
08/01/2021,Scotland,S92000003,2309,146024,,
07/01/2021,Scotland,S92000003,2649,143715,,
06/01/2021,Scotland,S92000003,2039,141066,,
05/01/2021,Scotland,S92000003,2529,139027,,
04/01/2021,Scotland,S92000003,1905,136498,,
03/01/2021,Scotland,S92000003,2464,134593,,
02/01/2021,Scotland,S92000003,2137,132129,,
01/01/2021,Scotland,S92000003,2539,129992,,
31/12/2020,Scotland,S92000003,2622,127453,,
30/12/2020,Scotland,S92000003,2045,124831,,
29/12/2020,Scotland,S92000003,1895,122786,,
28/12/2020,Scotland,S92000003,967,120891,,
27/12/2020,Scotland,S92000003,740,119924,,
26/12/2020,Scotland,S92000003,1149,119184,,
25/12/2020,Scotland,S92000003,1165,118035,,
24/12/2020,Scotland,S92000003,1314,116870,,
23/12/2020,Scotland,S92000003,1190,115556,,
22/12/2020,Scotland,S92000003,1316,114366,,
21/12/2020,Scotland,S92000003,1504,113050,,
20/12/2020,Scotland,S92000003,934,111546,,
19/12/2020,Scotland,S92000003,572,110612,,
18/12/2020,Scotland,S92000003,744,110040,,
17/12/2020,Scotland,S92000003,858,109296,,
16/12/2020,Scotland,S92000003,689,108438,,
15/12/2020,Scotland,S92000003,845,107749,,
14/12/2020,Scotland,S92000003,734,106904,,
13/12/2020,Scotland,S92000003,800,106170,,
12/12/2020,Scotland,S92000003,1064,105370,,
11/12/2020,Scotland,S92000003,1001,104306,,
10/12/2020,Scotland,S92000003,933,103305,,
09/12/2020,Scotland,S92000003,897,102372,,
08/12/2020,Scotland,S92000003,692,101475,,
07/12/2020,Scotland,S92000003,677,100783,,
06/12/2020,Scotland,S92000003,643,100106,,
05/12/2020,Scotland,S92000003,777,99463,,
04/12/2020,Scotland,S92000003,966,98686,,
03/12/2020,Scotland,S92000003,958,97720,,
02/12/2020,Scotland,S92000003,951,96762,,
01/12/2020,Scotland,S92000003,754,95811,,
30/11/2020,Scotland,S92000003,369,95058,,
29/11/2020,Scotland,S92000003,746,94689,,
28/11/2020,Scotland,S92000003,788,93943,,
27/11/2020,Scotland,S92000003,969,93155,,
26/11/2020,Scotland,S92000003,1225,92186,,
25/11/2020,Scotland,S92000003,880,90961,,
24/11/2020,Scotland,S92000003,771,90081,,
23/11/2020,Scotland,S92000003,949,89310,,
22/11/2020,Scotland,S92000003,844,88361,,
21/11/2020,Scotland,S92000003,887,87517,,
20/11/2020,Scotland,S92000003,1018,86630,,
19/11/2020,Scotland,S92000003,1089,85612,,
18/11/2020,Scotland,S92000003,1264,84523,,
17/11/2020,Scotland,S92000003,1248,83259,,
16/11/2020,Scotland,S92000003,717,82011,,
15/11/2020,Scotland,S92000003,1159,81294,,
14/11/2020,Scotland,S92000003,1118,80135,,
13/11/2020,Scotland,S92000003,1357,79017,,
12/11/2020,Scotland,S92000003,1212,77660,,
11/11/2020,Scotland,S92000003,1261,76448,,
10/11/2020,Scotland,S92000003,832,75187,,
09/11/2020,Scotland,S92000003,912,74355,,
08/11/2020,Scotland,S92000003,1115,73443,,
07/11/2020,Scotland,S92000003,1596,72328,,
06/11/2020,Scotland,S92000003,1072,70732,,
05/11/2020,Scotland,S92000003,1216,69660,,
04/11/2020,Scotland,S92000003,1433,68444,,
03/11/2020,Scotland,S92000003,999,67011,,
02/11/2020,Scotland,S92000003,951,66012,,
01/11/2020,Scotland,S92000003,1148,65061,,
31/10/2020,Scotland,S92000003,1101,63913,,
30/10/2020,Scotland,S92000003,1281,62812,,
29/10/2020,Scotland,S92000003,1128,61531,,
28/10/2020,Scotland,S92000003,1202,60403,,
27/10/2020,Scotland,S92000003,1327,59201,,
26/10/2020,Scotland,S92000003,1122,57874,,
25/10/2020,Scotland,S92000003,1303,56752,,
24/10/2020,Scotland,S92000003,1433,55449,,
23/10/2020,Scotland,S92000003,1401,54016,,
22/10/2020,Scotland,S92000003,1712,52615,,
21/10/2020,Scotland,S92000003,1739,50903,,
20/10/2020,Scotland,S92000003,1456,49164,,
19/10/2020,Scotland,S92000003,993,47708,,
18/10/2020,Scotland,S92000003,316,46715,,
17/10/2020,Scotland,S92000003,1167,46399,,
16/10/2020,Scotland,S92000003,1196,45232,,
15/10/2020,Scotland,S92000003,1351,44036,,
14/10/2020,Scotland,S92000003,1429,42685,,
13/10/2020,Scotland,S92000003,1297,41256,,
12/10/2020,Scotland,S92000003,961,39959,,
11/10/2020,Scotland,S92000003,956,38998,,
10/10/2020,Scotland,S92000003,1009,38042,,
09/10/2020,Scotland,S92000003,1246,37033,,
08/10/2020,Scotland,S92000003,1027,35787,,
07/10/2020,Scotland,S92000003,1054,34760,,
06/10/2020,Scotland,S92000003,800,33706,,
05/10/2020,Scotland,S92000003,697,32906,,
04/10/2020,Scotland,S92000003,758,32209,,
03/10/2020,Scotland,S92000003,764,31451,,
02/10/2020,Scotland,S92000003,775,30687,,
01/10/2020,Scotland,S92000003,668,29912,,
30/09/2020,Scotland,S92000003,640,29244,,
29/09/2020,Scotland,S92000003,806,28604,,
28/09/2020,Scotland,S92000003,222,27798,,
27/09/2020,Scotland,S92000003,344,27576,,
26/09/2020,Scotland,S92000003,714,27232,,
25/09/2020,Scotland,S92000003,558,26518,,
24/09/2020,Scotland,S92000003,465,25960,,
23/09/2020,Scotland,S92000003,486,25495,,
22/09/2020,Scotland,S92000003,383,25009,,
21/09/2020,Scotland,S92000003,255,24626,,
20/09/2020,Scotland,S92000003,245,24371,,
19/09/2020,Scotland,S92000003,350,24126,,
18/09/2020,Scotland,S92000003,203,23776,,
17/09/2020,Scotland,S92000003,290,23573,,
16/09/2020,Scotland,S92000003,267,23283,,
15/09/2020,Scotland,S92000003,267,23016,,
14/09/2020,Scotland,S92000003,70,22749,,
13/09/2020,Scotland,S92000003,244,22679,,
12/09/2020,Scotland,S92000003,221,22435,,
11/09/2020,Scotland,S92000003,175,22214,,
10/09/2020,Scotland,S92000003,161,22039,,
09/09/2020,Scotland,S92000003,159,21878,,
08/09/2020,Scotland,S92000003,176,21719,,
07/09/2020,Scotland,S92000003,146,21543,,
06/09/2020,Scotland,S92000003,208,21397,,
05/09/2020,Scotland,S92000003,141,21189,,
04/09/2020,Scotland,S92000003,159,21048,,
03/09/2020,Scotland,S92000003,101,20889,,
02/09/2020,Scotland,S92000003,156,20788,,
01/09/2020,Scotland,S92000003,154,20632,,
31/08/2020,Scotland,S92000003,160,20478,,
30/08/2020,Scotland,S92000003,123,20318,,
29/08/2020,Scotland,S92000003,88,20195,,
28/08/2020,Scotland,S92000003,51,20107,,
27/08/2020,Scotland,S92000003,68,20056,,
26/08/2020,Scotland,S92000003,67,19988,,
25/08/2020,Scotland,S92000003,44,19921,,
24/08/2020,Scotland,S92000003,66,19877,,
23/08/2020,Scotland,S92000003,83,19811,,
22/08/2020,Scotland,S92000003,123,19728,,
21/08/2020,Scotland,S92000003,71,19605,,
20/08/2020,Scotland,S92000003,77,19534,,
19/08/2020,Scotland,S92000003,50,19457,,
18/08/2020,Scotland,S92000003,49,19407,,
17/08/2020,Scotland,S92000003,26,19358,,
16/08/2020,Scotland,S92000003,43,19332,,
15/08/2020,Scotland,S92000003,51,19289,,
14/08/2020,Scotland,S92000003,65,19238,,
13/08/2020,Scotland,S92000003,47,19173,,
12/08/2020,Scotland,S92000003,47,19126,,
11/08/2020,Scotland,S92000003,52,19079,,
10/08/2020,Scotland,S92000003,29,19027,,
09/08/2020,Scotland,S92000003,48,18998,,
08/08/2020,Scotland,S92000003,60,18950,,
07/08/2020,Scotland,S92000003,43,18890,,
06/08/2020,Scotland,S92000003,66,18847,,
05/08/2020,Scotland,S92000003,64,18781,,
04/08/2020,Scotland,S92000003,23,18717,,
03/08/2020,Scotland,S92000003,18,18694,,
02/08/2020,Scotland,S92000003,31,18676,,
01/08/2020,Scotland,S92000003,18,18645,,
31/07/2020,Scotland,S92000003,30,18627,,
30/07/2020,Scotland,S92000003,17,18597,,
29/07/2020,Scotland,S92000003,22,18580,,
28/07/2020,Scotland,S92000003,4,18558,,
27/07/2020,Scotland,S92000003,3,18554,,
26/07/2020,Scotland,S92000003,4,18551,,
25/07/2020,Scotland,S92000003,27,18547,,
24/07/2020,Scotland,S92000003,20,18520,,
23/07/2020,Scotland,S92000003,16,18500,,
22/07/2020,Scotland,S92000003,10,18484,,
21/07/2020,Scotland,S92000003,22,18474,,
20/07/2020,Scotland,S92000003,7,18452,,
19/07/2020,Scotland,S92000003,23,18445,,
18/07/2020,Scotland,S92000003,21,18422,,
17/07/2020,Scotland,S92000003,17,18401,,
16/07/2020,Scotland,S92000003,11,18384,,
15/07/2020,Scotland,S92000003,5,18373,,
14/07/2020,Scotland,S92000003,3,18368,,
13/07/2020,Scotland,S92000003,6,18365,,
12/07/2020,Scotland,S92000003,19,18359,,
11/07/2020,Scotland,S92000003,7,18340,,
10/07/2020,Scotland,S92000003,18,18333,,
09/07/2020,Scotland,S92000003,6,18315,,
08/07/2020,Scotland,S92000003,7,18309,,
07/07/2020,Scotland,S92000003,2,18302,,
06/07/2020,Scotland,S92000003,4,18300,,
05/07/2020,Scotland,S92000003,9,18296,,
04/07/2020,Scotland,S92000003,11,18287,,
03/07/2020,Scotland,S92000003,12,18276,,
02/07/2020,Scotland,S92000003,5,18264,,
01/07/2020,Scotland,S92000003,8,18259,,
30/06/2020,Scotland,S92000003,10,18251,,
29/06/2020,Scotland,S92000003,5,18241,,
28/06/2020,Scotland,S92000003,8,18236,,
27/06/2020,Scotland,S92000003,15,18228,,
26/06/2020,Scotland,S92000003,17,18213,,
25/06/2020,Scotland,S92000003,5,18196,,
24/06/2020,Scotland,S92000003,9,18191,,
23/06/2020,Scotland,S92000003,12,18182,,
22/06/2020,Scotland,S92000003,14,18170,,
21/06/2020,Scotland,S92000003,26,18156,,
20/06/2020,Scotland,S92000003,26,18130,,
19/06/2020,Scotland,S92000003,27,18104,,
18/06/2020,Scotland,S92000003,11,18077,,
17/06/2020,Scotland,S92000003,21,18066,,
16/06/2020,Scotland,S92000003,15,18045,,
15/06/2020,Scotland,S92000003,29,18030,,
14/06/2020,Scotland,S92000003,25,15755,,
13/06/2020,Scotland,S92000003,21,15730,,
12/06/2020,Scotland,S92000003,27,15709,,
11/06/2020,Scotland,S92000003,17,15682,,
10/06/2020,Scotland,S92000003,12,15665,,
09/06/2020,Scotland,S92000003,14,15653,,
08/06/2020,Scotland,S92000003,18,15639,,
07/06/2020,Scotland,S92000003,18,15621,,
06/06/2020,Scotland,S92000003,21,15603,,
05/06/2020,Scotland,S92000003,29,15582,,
04/06/2020,Scotland,S92000003,49,15553,,
03/06/2020,Scotland,S92000003,33,15504,,
02/06/2020,Scotland,S92000003,53,15471,,
01/06/2020,Scotland,S92000003,18,15418,,
31/05/2020,Scotland,S92000003,18,15400,,
30/05/2020,Scotland,S92000003,55,15382,,
29/05/2020,Scotland,S92000003,39,15327,,
28/05/2020,Scotland,S92000003,48,15288,,
27/05/2020,Scotland,S92000003,55,15240,,
26/05/2020,Scotland,S92000003,29,15185,,
25/05/2020,Scotland,S92000003,55,15156,,
24/05/2020,Scotland,S92000003,60,15101,,
23/05/2020,Scotland,S92000003,72,15041,,
22/05/2020,Scotland,S92000003,113,14969,,
21/05/2020,Scotland,S92000003,105,14856,,
20/05/2020,Scotland,S92000003,96,14751,,
19/05/2020,Scotland,S92000003,61,14655,,
18/05/2020,Scotland,S92000003,57,14594,,
17/05/2020,Scotland,S92000003,90,14537,,
16/05/2020,Scotland,S92000003,187,14447,,
15/05/2020,Scotland,S92000003,143,14260,,
14/05/2020,Scotland,S92000003,188,14117,,
13/05/2020,Scotland,S92000003,166,13929,,
12/05/2020,Scotland,S92000003,136,13763,,
11/05/2020,Scotland,S92000003,141,13627,,
10/05/2020,Scotland,S92000003,181,13486,,
09/05/2020,Scotland,S92000003,156,13305,,
08/05/2020,Scotland,S92000003,225,13149,,
07/05/2020,Scotland,S92000003,215,12924,,
06/05/2020,Scotland,S92000003,272,12709,,
05/05/2020,Scotland,S92000003,171,12437,,
04/05/2020,Scotland,S92000003,169,12266,,
03/05/2020,Scotland,S92000003,170,12097,,
02/05/2020,Scotland,S92000003,273,11927,,
01/05/2020,Scotland,S92000003,301,11654,,
30/04/2020,Scotland,S92000003,319,11353,,
29/04/2020,Scotland,S92000003,313,11034,,
28/04/2020,Scotland,S92000003,200,10721,,
27/04/2020,Scotland,S92000003,197,10521,,
26/04/2020,Scotland,S92000003,273,10324,,
25/04/2020,Scotland,S92000003,354,10051,,
24/04/2020,Scotland,S92000003,288,9697,,
23/04/2020,Scotland,S92000003,371,9409,,
22/04/2020,Scotland,S92000003,366,9038,,
21/04/2020,Scotland,S92000003,222,8672,,
20/04/2020,Scotland,S92000003,263,8450,,
19/04/2020,Scotland,S92000003,367,8187,,
18/04/2020,Scotland,S92000003,411,7820,,
17/04/2020,Scotland,S92000003,307,7409,,
16/04/2020,Scotland,S92000003,354,7102,,
15/04/2020,Scotland,S92000003,390,6748,,
14/04/2020,Scotland,S92000003,291,6358,,
13/04/2020,Scotland,S92000003,155,6067,,
12/04/2020,Scotland,S92000003,322,5912,,
11/04/2020,Scotland,S92000003,315,5590,,
10/04/2020,Scotland,S92000003,318,5275,,
09/04/2020,Scotland,S92000003,392,4957,,
08/04/2020,Scotland,S92000003,336,4565,,
07/04/2020,Scotland,S92000003,268,4229,,
06/04/2020,Scotland,S92000003,255,3961,,
05/04/2020,Scotland,S92000003,361,3706,,
04/04/2020,Scotland,S92000003,344,3345,,
03/04/2020,Scotland,S92000003,399,3001,,
02/04/2020,Scotland,S92000003,292,2602,,
01/04/2020,Scotland,S92000003,317,2310,,
31/03/2020,Scotland,S92000003,430,1993,,
30/03/2020,Scotland,S92000003,179,1563,,
29/03/2020,Scotland,S92000003,139,1384,,
28/03/2020,Scotland,S92000003,186,1245,,
27/03/2020,Scotland,S92000003,165,1059,,
26/03/2020,Scotland,S92000003,175,894,,
25/03/2020,Scotland,S92000003,135,719,,
24/03/2020,Scotland,S92000003,85,584,,
23/03/2020,Scotland,S92000003,83,499,,
22/03/2020,Scotland,S92000003,43,416,,
21/03/2020,Scotland,S92000003,51,373,,
20/03/2020,Scotland,S92000003,56,322,,
19/03/2020,Scotland,S92000003,39,266,,
18/03/2020,Scotland,S92000003,32,227,,
17/03/2020,Scotland,S92000003,24,195,,
16/03/2020,Scotland,S92000003,18,171,,
15/03/2020,Scotland,S92000003,32,153,,
14/03/2020,Scotland,S92000003,36,121,,
13/03/2020,Scotland,S92000003,25,85,,
12/03/2020,Scotland,S92000003,24,60,,
11/03/2020,Scotland,S92000003,9,36,,
10/03/2020,Scotland,S92000003,4,27,,
09/03/2020,Scotland,S92000003,5,23,,
08/03/2020,Scotland,S92000003,2,18,,
07/03/2020,Scotland,S92000003,5,16,,
06/03/2020,Scotland,S92000003,5,11,,
05/03/2020,Scotland,S92000003,3,6,,
04/03/2020,Scotland,S92000003,2,3,,
03/03/2020,Scotland,S92000003,0,1,,
02/03/2020,Scotland,S92000003,1,1,,
01/03/2020,Scotland,S92000003,0,,,
29/02/2020,Scotland,S92000003,0,,,
28/02/2020,Scotland,S92000003,0,,,
27/02/2020,Scotland,S92000003,0,,,
26/02/2020,Scotland,S92000003,0,,,
25/02/2020,Scotland,S92000003,0,,,
24/02/2020,Scotland,S92000003,0,,,
23/02/2020,Scotland,S92000003,0,,,
22/02/2020,Scotland,S92000003,0,,,
21/02/2020,Scotland,S92000003,0,,,
20/02/2020,Scotland,S92000003,0,,,
19/02/2020,Scotland,S92000003,0,,,
18/02/2020,Scotland,S92000003,0,,,
17/02/2020,Scotland,S92000003,0,,,
16/02/2020,Scotland,S92000003,0,,,
15/02/2020,Scotland,S92000003,0,,,
14/02/2020,Scotland,S92000003,0,,,
13/02/2020,Scotland,S92000003,0,,,
12/02/2020,Scotland,S92000003,0,,,
11/02/2020,Scotland,S92000003,0,,,
10/02/2020,Scotland,S92000003,0,,,
09/02/2020,Scotland,S92000003,0,,,
08/02/2020,Scotland,S92000003,0,,,
07/02/2020,Scotland,S92000003,0,,,
06/02/2020,Scotland,S92000003,0,,,
05/02/2020,Scotland,S92000003,0,,,
04/02/2020,Scotland,S92000003,0,,,
03/02/2020,Scotland,S92000003,0,,,
02/02/2020,Scotland,S92000003,0,,,
01/02/2020,Scotland,S92000003,0,,,
31/01/2020,Scotland,S92000003,0,,,
30/01/2020,Scotland,S92000003,0,,,
29/01/2020,Scotland,S92000003,0,,,
28/01/2020,Scotland,S92000003,0,,,
27/01/2020,Scotland,S92000003,0,,,
26/01/2020,Scotland,S92000003,0,,,
25/01/2020,Scotland,S92000003,0,,,
24/01/2020,Scotland,S92000003,0,,,
23/01/2020,Scotland,S92000003,0,,,
22/01/2020,Scotland,S92000003,0,,,
21/01/2020,Scotland,S92000003,0,,,
20/01/2020,Scotland,S92000003,0,,,
19/01/2020,Scotland,S92000003,0,,,
18/01/2020,Scotland,S92000003,0,,,
17/01/2020,Scotland,S92000003,0,,,
16/01/2020,Scotland,S92000003,0,,,
15/01/2020,Scotland,S92000003,0,,,
14/01/2020,Scotland,S92000003,0,,,
13/01/2020,Scotland,S92000003,0,,,
12/01/2020,Scotland,S92000003,0,,,
11/01/2020,Scotland,S92000003,0,,,
10/01/2020,Scotland,S92000003,0,,,
09/01/2020,Scotland,S92000003,0,,,
08/01/2020,Scotland,S92000003,0,,,
07/01/2020,Scotland,S92000003,0,,,
06/01/2020,Scotland,S92000003,0,,,
05/01/2020,Scotland,S92000003,0,,,
04/01/2020,Scotland,S92000003,0,,,
03/01/2020,Scotland,S92000003,0,,,
26/03/2021,Wales,W92000004,190,208694,,
25/03/2021,Wales,W92000004,227,208504,,
24/03/2021,Wales,W92000004,159,208277,,
23/03/2021,Wales,W92000004,127,208119,,
22/03/2021,Wales,W92000004,150,207992,,
21/03/2021,Wales,W92000004,196,207842,,
20/03/2021,Wales,W92000004,208,207646,,
19/03/2021,Wales,W92000004,201,207438,,
18/03/2021,Wales,W92000004,297,207237,,
17/03/2021,Wales,W92000004,145,206940,,
16/03/2021,Wales,W92000004,142,206795,,
15/03/2021,Wales,W92000004,248,206653,,
14/03/2021,Wales,W92000004,217,206405,,
13/03/2021,Wales,W92000004,210,206188,,
12/03/2021,Wales,W92000004,190,205978,,
11/03/2021,Wales,W92000004,195,205788,,
10/03/2021,Wales,W92000004,225,205593,,
09/03/2021,Wales,W92000004,166,205368,,
08/03/2021,Wales,W92000004,164,205202,,
07/03/2021,Wales,W92000004,152,205038,,
06/03/2021,Wales,W92000004,195,204886,,
05/03/2021,Wales,W92000004,230,204692,,
04/03/2021,Wales,W92000004,267,204463,,
03/03/2021,Wales,W92000004,208,204196,,
02/03/2021,Wales,W92000004,170,203988,,
01/03/2021,Wales,W92000004,193,203818,,
28/02/2021,Wales,W92000004,247,203625,,
27/02/2021,Wales,W92000004,198,203378,,
26/02/2021,Wales,W92000004,308,203180,,
25/02/2021,Wales,W92000004,312,202872,,
24/02/2021,Wales,W92000004,236,202560,,
23/02/2021,Wales,W92000004,317,202324,,
22/02/2021,Wales,W92000004,319,202007,,
21/02/2021,Wales,W92000004,336,201688,,
20/02/2021,Wales,W92000004,363,201352,,
19/02/2021,Wales,W92000004,533,200989,,
18/02/2021,Wales,W92000004,290,200456,,
17/02/2021,Wales,W92000004,374,200166,,
16/02/2021,Wales,W92000004,275,199793,,
15/02/2021,Wales,W92000004,363,199518,,
14/02/2021,Wales,W92000004,394,199155,,
13/02/2021,Wales,W92000004,400,198761,,
12/02/2021,Wales,W92000004,608,198362,,
11/02/2021,Wales,W92000004,410,197754,,
10/02/2021,Wales,W92000004,323,197344,,
09/02/2021,Wales,W92000004,351,197021,,
08/02/2021,Wales,W92000004,610,196670,,
07/02/2021,Wales,W92000004,461,196060,,
06/02/2021,Wales,W92000004,675,195599,,
05/02/2021,Wales,W92000004,399,194924,,
04/02/2021,Wales,W92000004,544,194525,,
03/02/2021,Wales,W92000004,455,193981,,
02/02/2021,Wales,W92000004,614,193526,,
01/02/2021,Wales,W92000004,630,192912,,
31/01/2021,Wales,W92000004,605,192282,,
30/01/2021,Wales,W92000004,737,191677,,
29/01/2021,Wales,W92000004,546,190940,,
28/01/2021,Wales,W92000004,705,190394,,
27/01/2021,Wales,W92000004,537,189689,,
26/01/2021,Wales,W92000004,570,189152,,
25/01/2021,Wales,W92000004,872,188583,,
24/01/2021,Wales,W92000004,796,187711,,
23/01/2021,Wales,W92000004,1079,186915,,
22/01/2021,Wales,W92000004,801,185836,,
21/01/2021,Wales,W92000004,1153,185035,,
20/01/2021,Wales,W92000004,1283,183882,,
19/01/2021,Wales,W92000004,1106,182599,,
18/01/2021,Wales,W92000004,1332,181493,,
17/01/2021,Wales,W92000004,1172,180161,,
16/01/2021,Wales,W92000004,1129,178989,,
15/01/2021,Wales,W92000004,1808,177864,,
14/01/2021,Wales,W92000004,1644,176056,,
13/01/2021,Wales,W92000004,1533,174412,,
12/01/2021,Wales,W92000004,1332,172879,,
11/01/2021,Wales,W92000004,1793,171547,,
10/01/2021,Wales,W92000004,1660,169754,,
09/01/2021,Wales,W92000004,2373,168094,,
08/01/2021,Wales,W92000004,2487,165721,,
07/01/2021,Wales,W92000004,1718,163234,,
06/01/2021,Wales,W92000004,2238,161516,,
05/01/2021,Wales,W92000004,2069,159278,,
04/01/2021,Wales,W92000004,1898,157209,,
03/01/2021,Wales,W92000004,4011,155311,,
02/01/2021,Wales,W92000004,2764,151300,,
01/01/2021,Wales,W92000004,0,148537,,
31/12/2020,Wales,W92000004,1831,148537,,
30/12/2020,Wales,W92000004,2281,146706,,
29/12/2020,Wales,W92000004,2510,144425,,
28/12/2020,Wales,W92000004,2273,141915,,
27/12/2020,Wales,W92000004,4142,139642,,
26/12/2020,Wales,W92000004,2237,135500,,
25/12/2020,Wales,W92000004,0,133263,,
24/12/2020,Wales,W92000004,2161,133263,,
23/12/2020,Wales,W92000004,3013,131102,,
22/12/2020,Wales,W92000004,2761,128089,,
21/12/2020,Wales,W92000004,2563,125329,,
20/12/2020,Wales,W92000004,2334,122766,,
19/12/2020,Wales,W92000004,3065,120432,,
18/12/2020,Wales,W92000004,2801,117367,,
17/12/2020,Wales,W92000004,11468,114566,,
16/12/2020,Wales,W92000004,530,103098,,
15/12/2020,Wales,W92000004,615,102568,,
14/12/2020,Wales,W92000004,1228,101953,,
13/12/2020,Wales,W92000004,0,100725,,
12/12/2020,Wales,W92000004,2494,100725,,
11/12/2020,Wales,W92000004,2234,98232,,
10/12/2020,Wales,W92000004,1968,95998,,
09/12/2020,Wales,W92000004,2238,94030,,
08/12/2020,Wales,W92000004,780,91792,,
07/12/2020,Wales,W92000004,2021,91013,,
06/12/2020,Wales,W92000004,1916,88992,,
05/12/2020,Wales,W92000004,1645,87077,,
04/12/2020,Wales,W92000004,1471,85432,,
03/12/2020,Wales,W92000004,1473,83961,,
02/12/2020,Wales,W92000004,1480,82489,,
01/12/2020,Wales,W92000004,667,81009,,
30/11/2020,Wales,W92000004,802,80342,,
29/11/2020,Wales,W92000004,1004,79540,,
28/11/2020,Wales,W92000004,1445,78536,,
27/11/2020,Wales,W92000004,1105,77091,,
26/11/2020,Wales,W92000004,1251,75986,,
25/11/2020,Wales,W92000004,907,74735,,
24/11/2020,Wales,W92000004,595,73828,,
23/11/2020,Wales,W92000004,892,73233,,
22/11/2020,Wales,W92000004,808,72341,,
21/11/2020,Wales,W92000004,1016,71533,,
20/11/2020,Wales,W92000004,1020,70517,,
19/11/2020,Wales,W92000004,1048,69497,,
18/11/2020,Wales,W92000004,638,68449,,
17/11/2020,Wales,W92000004,705,67811,,
16/11/2020,Wales,W92000004,892,67106,,
15/11/2020,Wales,W92000004,1333,66214,,
14/11/2020,Wales,W92000004,933,64881,,
13/11/2020,Wales,W92000004,797,63948,,
12/11/2020,Wales,W92000004,867,63151,,
11/11/2020,Wales,W92000004,928,62284,,
10/11/2020,Wales,W92000004,444,61356,,
09/11/2020,Wales,W92000004,931,60912,,
08/11/2020,Wales,W92000004,744,59981,,
07/11/2020,Wales,W92000004,958,59237,,
06/11/2020,Wales,W92000004,1352,58279,,
05/11/2020,Wales,W92000004,1272,56927,,
04/11/2020,Wales,W92000004,1202,55658,,
03/11/2020,Wales,W92000004,1119,54456,,
02/11/2020,Wales,W92000004,1646,53337,,
01/11/2020,Wales,W92000004,819,51691,,
31/10/2020,Wales,W92000004,1301,50872,,
30/10/2020,Wales,W92000004,1737,49571,,
29/10/2020,Wales,W92000004,1375,47834,,
28/10/2020,Wales,W92000004,1414,46459,,
27/10/2020,Wales,W92000004,1207,45046,,
26/10/2020,Wales,W92000004,1158,43839,,
25/10/2020,Wales,W92000004,1104,42681,,
24/10/2020,Wales,W92000004,1324,41577,,
23/10/2020,Wales,W92000004,761,40253,,
22/10/2020,Wales,W92000004,1134,39491,,
21/10/2020,Wales,W92000004,962,38361,,
20/10/2020,Wales,W92000004,1148,37400,,
19/10/2020,Wales,W92000004,626,36253,,
18/10/2020,Wales,W92000004,950,35628,,
17/10/2020,Wales,W92000004,674,34679,,
16/10/2020,Wales,W92000004,979,34005,,
15/10/2020,Wales,W92000004,727,33041,,
14/10/2020,Wales,W92000004,946,32316,,
13/10/2020,Wales,W92000004,764,31370,,
12/10/2020,Wales,W92000004,487,30608,,
11/10/2020,Wales,W92000004,467,30121,,
10/10/2020,Wales,W92000004,627,29654,,
09/10/2020,Wales,W92000004,766,29028,,
08/10/2020,Wales,W92000004,638,28262,,
07/10/2020,Wales,W92000004,752,27624,,
06/10/2020,Wales,W92000004,425,26872,,
05/10/2020,Wales,W92000004,596,26447,,
04/10/2020,Wales,W92000004,432,25852,,
03/10/2020,Wales,W92000004,576,25420,,
02/10/2020,Wales,W92000004,462,24845,,
01/10/2020,Wales,W92000004,398,24383,,
30/09/2020,Wales,W92000004,388,23985,,
29/09/2020,Wales,W92000004,366,23597,,
28/09/2020,Wales,W92000004,286,23231,,
27/09/2020,Wales,W92000004,362,22945,,
26/09/2020,Wales,W92000004,370,22584,,
25/09/2020,Wales,W92000004,320,22215,,
24/09/2020,Wales,W92000004,348,21896,,
23/09/2020,Wales,W92000004,389,21548,,
22/09/2020,Wales,W92000004,281,21159,,
21/09/2020,Wales,W92000004,234,20878,,
20/09/2020,Wales,W92000004,199,20644,,
19/09/2020,Wales,W92000004,212,20445,,
18/09/2020,Wales,W92000004,185,20233,,
17/09/2020,Wales,W92000004,168,20048,,
16/09/2020,Wales,W92000004,199,19880,,
15/09/2020,Wales,W92000004,110,19681,,
14/09/2020,Wales,W92000004,183,19573,,
13/09/2020,Wales,W92000004,162,19390,,
12/09/2020,Wales,W92000004,164,19228,,
11/09/2020,Wales,W92000004,133,19064,,
10/09/2020,Wales,W92000004,102,18931,,
09/09/2020,Wales,W92000004,165,18829,,
08/09/2020,Wales,W92000004,150,18664,,
07/09/2020,Wales,W92000004,133,18514,,
06/09/2020,Wales,W92000004,98,18381,,
05/09/2020,Wales,W92000004,77,18283,,
04/09/2020,Wales,W92000004,51,18206,,
03/09/2020,Wales,W92000004,50,18155,,
02/09/2020,Wales,W92000004,42,18105,,
01/09/2020,Wales,W92000004,51,18063,,
31/08/2020,Wales,W92000004,39,18012,,
30/08/2020,Wales,W92000004,56,17973,,
29/08/2020,Wales,W92000004,40,17917,,
28/08/2020,Wales,W92000004,34,17877,,
27/08/2020,Wales,W92000004,35,17843,,
26/08/2020,Wales,W92000004,34,17808,,
25/08/2020,Wales,W92000004,28,17774,,
24/08/2020,Wales,W92000004,19,17746,,
23/08/2020,Wales,W92000004,20,17727,,
22/08/2020,Wales,W92000004,34,17707,,
21/08/2020,Wales,W92000004,34,17673,,
20/08/2020,Wales,W92000004,19,17639,,
19/08/2020,Wales,W92000004,21,17620,,
18/08/2020,Wales,W92000004,24,17599,,
17/08/2020,Wales,W92000004,14,17575,,
16/08/2020,Wales,W92000004,18,17561,,
15/08/2020,Wales,W92000004,27,17543,,
14/08/2020,Wales,W92000004,18,17516,,
13/08/2020,Wales,W92000004,15,17499,,
12/08/2020,Wales,W92000004,8,17484,,
11/08/2020,Wales,W92000004,13,17476,,
10/08/2020,Wales,W92000004,12,17463,,
09/08/2020,Wales,W92000004,26,17451,,
08/08/2020,Wales,W92000004,19,17425,,
07/08/2020,Wales,W92000004,17,17406,,
06/08/2020,Wales,W92000004,15,17389,,
05/08/2020,Wales,W92000004,14,17374,,
04/08/2020,Wales,W92000004,22,17361,,
03/08/2020,Wales,W92000004,24,17339,,
02/08/2020,Wales,W92000004,37,17315,,
01/08/2020,Wales,W92000004,21,17279,,
31/07/2020,Wales,W92000004,26,17258,,
30/07/2020,Wales,W92000004,9,17232,,
29/07/2020,Wales,W92000004,32,17223,,
28/07/2020,Wales,W92000004,21,17191,,
27/07/2020,Wales,W92000004,45,17170,,
26/07/2020,Wales,W92000004,22,17125,,
25/07/2020,Wales,W92000004,30,17105,,
24/07/2020,Wales,W92000004,45,17075,,
23/07/2020,Wales,W92000004,43,17030,,
22/07/2020,Wales,W92000004,22,16987,,
21/07/2020,Wales,W92000004,22,16965,,
20/07/2020,Wales,W92000004,15,16943,,
19/07/2020,Wales,W92000004,31,16928,,
18/07/2020,Wales,W92000004,10,16897,,
17/07/2020,Wales,W92000004,16,16887,,
16/07/2020,Wales,W92000004,18,16871,,
15/07/2020,Wales,W92000004,18,16854,,
14/07/2020,Wales,W92000004,21,16836,,
13/07/2020,Wales,W92000004,11,15973,,
12/07/2020,Wales,W92000004,16,15962,,
11/07/2020,Wales,W92000004,7,15946,,
10/07/2020,Wales,W92000004,10,15939,,
09/07/2020,Wales,W92000004,16,15929,,
08/07/2020,Wales,W92000004,13,15913,,
07/07/2020,Wales,W92000004,2,15900,,
06/07/2020,Wales,W92000004,8,15898,,
05/07/2020,Wales,W92000004,15,15890,,
04/07/2020,Wales,W92000004,34,15875,,
03/07/2020,Wales,W92000004,26,15841,,
02/07/2020,Wales,W92000004,41,15815,,
01/07/2020,Wales,W92000004,32,15775,,
30/06/2020,Wales,W92000004,26,15743,,
29/06/2020,Wales,W92000004,116,15717,,
28/06/2020,Wales,W92000004,25,15602,,
27/06/2020,Wales,W92000004,46,15577,,
26/06/2020,Wales,W92000004,65,15531,,
25/06/2020,Wales,W92000004,125,15466,,
24/06/2020,Wales,W92000004,47,15341,,
23/06/2020,Wales,W92000004,51,15295,,
22/06/2020,Wales,W92000004,71,15197,,
21/06/2020,Wales,W92000004,100,15126,,
20/06/2020,Wales,W92000004,25,15026,,
19/06/2020,Wales,W92000004,31,15001,,
18/06/2020,Wales,W92000004,48,14970,,
17/06/2020,Wales,W92000004,53,14922,,
16/06/2020,Wales,W92000004,65,14869,,
15/06/2020,Wales,W92000004,62,14804,,
14/06/2020,Wales,W92000004,39,14742,,
13/06/2020,Wales,W92000004,45,14703,,
12/06/2020,Wales,W92000004,77,14658,,
11/06/2020,Wales,W92000004,63,14581,,
10/06/2020,Wales,W92000004,38,14518,,
09/06/2020,Wales,W92000004,42,14480,,
08/06/2020,Wales,W92000004,42,14438,,
07/06/2020,Wales,W92000004,40,14396,,
06/06/2020,Wales,W92000004,42,14356,,
05/06/2020,Wales,W92000004,76,14314,,
04/06/2020,Wales,W92000004,35,14238,,
03/06/2020,Wales,W92000004,82,14203,,
02/06/2020,Wales,W92000004,67,14121,,
01/06/2020,Wales,W92000004,59,14054,,
31/05/2020,Wales,W92000004,82,13995,,
30/05/2020,Wales,W92000004,86,13913,,
29/05/2020,Wales,W92000004,102,13827,,
28/05/2020,Wales,W92000004,72,13725,,
27/05/2020,Wales,W92000004,97,13653,,
26/05/2020,Wales,W92000004,141,13556,,
25/05/2020,Wales,W92000004,106,13415,,
24/05/2020,Wales,W92000004,140,13309,,
23/05/2020,Wales,W92000004,185,13169,,
22/05/2020,Wales,W92000004,138,12984,,
21/05/2020,Wales,W92000004,166,12846,,
20/05/2020,Wales,W92000004,110,12680,,
19/05/2020,Wales,W92000004,166,12570,,
18/05/2020,Wales,W92000004,101,12404,,
17/05/2020,Wales,W92000004,162,12304,,
16/05/2020,Wales,W92000004,183,12142,,
15/05/2020,Wales,W92000004,126,11960,,
14/05/2020,Wales,W92000004,128,11834,,
13/05/2020,Wales,W92000004,133,11706,,
12/05/2020,Wales,W92000004,105,11573,,
11/05/2020,Wales,W92000004,124,11468,,
10/05/2020,Wales,W92000004,223,11344,,
09/05/2020,Wales,W92000004,118,11121,,
08/05/2020,Wales,W92000004,152,11003,,
07/05/2020,Wales,W92000004,87,10851,,
06/05/2020,Wales,W92000004,95,10764,,
05/05/2020,Wales,W92000004,145,10669,,
04/05/2020,Wales,W92000004,195,10524,,
03/05/2020,Wales,W92000004,174,10329,,
02/05/2020,Wales,W92000004,183,10155,,
01/05/2020,Wales,W92000004,160,9972,,
30/04/2020,Wales,W92000004,183,9812,,
29/04/2020,Wales,W92000004,117,9629,,
28/04/2020,Wales,W92000004,232,9512,,
27/04/2020,Wales,W92000004,203,9280,,
26/04/2020,Wales,W92000004,178,9078,,
25/04/2020,Wales,W92000004,299,8900,,
24/04/2020,Wales,W92000004,243,8601,,
23/04/2020,Wales,W92000004,234,8358,,
22/04/2020,Wales,W92000004,274,8124,,
21/04/2020,Wales,W92000004,304,7850,,
20/04/2020,Wales,W92000004,276,7546,,
19/04/2020,Wales,W92000004,334,7270,,
18/04/2020,Wales,W92000004,292,6936,,
17/04/2020,Wales,W92000004,244,6645,,
16/04/2020,Wales,W92000004,284,6401,,
15/04/2020,Wales,W92000004,272,6118,,
14/04/2020,Wales,W92000004,238,5848,,
13/04/2020,Wales,W92000004,313,5610,,
12/04/2020,Wales,W92000004,367,5297,,
11/04/2020,Wales,W92000004,340,4930,,
10/04/2020,Wales,W92000004,502,4591,,
09/04/2020,Wales,W92000004,16,4089,,
08/04/2020,Wales,W92000004,283,4073,,
07/04/2020,Wales,W92000004,291,3790,,
06/04/2020,Wales,W92000004,302,3499,,
05/04/2020,Wales,W92000004,344,3197,,
04/04/2020,Wales,W92000004,387,2853,,
03/04/2020,Wales,W92000004,345,2466,,
02/04/2020,Wales,W92000004,284,2121,,
01/04/2020,Wales,W92000004,274,1837,,
31/03/2020,Wales,W92000004,112,1563,,
30/03/2020,Wales,W92000004,210,1451,,
29/03/2020,Wales,W92000004,148,1241,,
28/03/2020,Wales,W92000004,172,1093,,
27/03/2020,Wales,W92000004,180,921,,
26/03/2020,Wales,W92000004,113,741,,
25/03/2020,Wales,W92000004,150,628,,
24/03/2020,Wales,W92000004,60,478,,
23/03/2020,Wales,W92000004,71,418,,
22/03/2020,Wales,W92000004,67,347,,
21/03/2020,Wales,W92000004,89,280,,
20/03/2020,Wales,W92000004,21,191,,
19/03/2020,Wales,W92000004,21,170,,
18/03/2020,Wales,W92000004,13,149,,
17/03/2020,Wales,W92000004,12,136,,
16/03/2020,Wales,W92000004,30,124,,
15/03/2020,Wales,W92000004,34,94,,
14/03/2020,Wales,W92000004,22,60,,
13/03/2020,Wales,W92000004,13,38,,
12/03/2020,Wales,W92000004,10,25,,
11/03/2020,Wales,W92000004,9,15,,
10/03/2020,Wales,W92000004,2,6,,
09/03/2020,Wales,W92000004,2,4,,
08/03/2020,Wales,W92000004,0,2,,
07/03/2020,Wales,W92000004,0,2,,
06/03/2020,Wales,W92000004,0,2,,
05/03/2020,Wales,W92000004,1,2,,
04/03/2020,Wales,W92000004,0,1,,
03/03/2020,Wales,W92000004,0,1,,
02/03/2020,Wales,W92000004,0,1,,
01/03/2020,Wales,W92000004,0,1,,
29/02/2020,Wales,W92000004,0,1,,
28/02/2020,Wales,W92000004,1,1,,
27/02/2020,Wales,W92000004,0,,,
26/02/2020,Wales,W92000004,0,,,
25/02/2020,Wales,W92000004,0,,,
24/02/2020,Wales,W92000004,0,,,
23/02/2020,Wales,W92000004,0,,,
22/02/2020,Wales,W92000004,0,,,
21/02/2020,Wales,W92000004,0,,,
20/02/2020,Wales,W92000004,0,,,
19/02/2020,Wales,W92000004,0,,,
18/02/2020,Wales,W92000004,0,,,
17/02/2020,Wales,W92000004,0,,,
16/02/2020,Wales,W92000004,0,,,
15/02/2020,Wales,W92000004,0,,,
14/02/2020,Wales,W92000004,0,,,
13/02/2020,Wales,W92000004,0,,,
12/02/2020,Wales,W92000004,0,,,
11/02/2020,Wales,W92000004,0,,,
10/02/2020,Wales,W92000004,0,,,
09/02/2020,Wales,W92000004,0,,,
08/02/2020,Wales,W92000004,0,,,
07/02/2020,Wales,W92000004,0,,,
06/02/2020,Wales,W92000004,0,,,
05/02/2020,Wales,W92000004,0,,,
04/02/2020,Wales,W92000004,0,,,
03/02/2020,Wales,W92000004,0,,,
02/02/2020,Wales,W92000004,0,,,
01/02/2020,Wales,W92000004,0,,,
31/01/2020,Wales,W92000004,0,,,
30/01/2020,Wales,W92000004,0,,,
29/01/2020,Wales,W92000004,0,,,
28/01/2020,Wales,W92000004,0,,,
27/01/2020,Wales,W92000004,0,,,
26/01/2020,Wales,W92000004,0,,,
25/01/2020,Wales,W92000004,0,,,
24/01/2020,Wales,W92000004,0,,,
23/01/2020,Wales,W92000004,0,,,
22/01/2020,Wales,W92000004,0,,,
21/01/2020,Wales,W92000004,0,,,
20/01/2020,Wales,W92000004,0,,,
19/01/2020,Wales,W92000004,0,,,
18/01/2020,Wales,W92000004,0,,,
17/01/2020,Wales,W92000004,0,,,
16/01/2020,Wales,W92000004,0,,,
15/01/2020,Wales,W92000004,0,,,
14/01/2020,Wales,W92000004,0,,,
13/01/2020,Wales,W92000004,0,,,
12/01/2020,Wales,W92000004,0,,,
11/01/2020,Wales,W92000004,0,,,
10/01/2020,Wales,W92000004,0,,,
09/01/2020,Wales,W92000004,0,,,
08/01/2020,Wales,W92000004,0,,,
07/01/2020,Wales,W92000004,0,,,
06/01/2020,Wales,W92000004,0,,,
05/01/2020,Wales,W92000004,0,,,
04/01/2020,Wales,W92000004,0,,,
03/01/2020,Wales,W92000004,0,,,
